{
  "dice": 0.4854343115601509,
  "iou": 0.3613372030184271,
  "jaccard": 0.3613372030184271,
  "hd95": 343.948305737521,
  "assd": 296.3998077396814,
  "pixel_accuracy": 0.7938191688712523,
  "surface_unit": "pixel",
  "surface_evaluation_size": {
    "width": 640,
    "height": 384
  },
  "surface_empty_policy": {
    "both_empty": "undefined and excluded",
    "exactly_one_empty": "penalized by evaluation-image diagonal"
  },
  "class_names": [
    "Background",
    "Respiratory Tract",
    "Gastroesophageal",
    "Pleura",
    "Heart",
    "Vessels",
    "Nerves",
    "Aorta",
    "Azygos Vein",
    "Superior Caval Vein",
    "Lung",
    "Lymphatic Tissue",
    "Non-anatomical Other",
    "Fatty Tissue",
    "Pulmonary artery",
    "Anatomical Other"
  ],
  "dice_per_class": [
    0.9947651953896305,
    0.5845986650809811,
    0.6068564542280613,
    0.7810022203970994,
    0.6688648847940262,
    0.000425454324439312,
    0.3007372687862725,
    0.6971557800929356,
    0.617159982995062,
    0.33728966388621145,
    0.7340243601579926,
    0.23458546899497398,
    0.9127571002795507,
    0.29571958186581604,
    0.0037586396508641393,
    0.5065791478679769
  ],
  "iou_per_class": [
    0.989584911731347,
    0.4130267865788247,
    0.4356022436236484,
    0.640692077922831,
    0.5024770792636847,
    0.0002127724246937597,
    0.17698103022095105,
    0.5351029458784149,
    0.4462989032757057,
    0.20285533598988154,
    0.5798092293858025,
    0.13287840610523793,
    0.839515347043644,
    0.1735158009909922,
    0.0018828583183983151,
    0.3392072282536963
  ],
  "hd95_per_class": [
    1.9420866830266237,
    244.2515314449208,
    154.9728786575879,
    238.6717763391595,
    406.53701775670316,
    677.5726861417675,
    330.6993094033246,
    421.6280121874115,
    481.96961808745056,
    594.7475088320416,
    274.81646964316093,
    233.23305004549644,
    64.56213289624397,
    299.87310831102593,
    571.8176920206918,
    163.87179429582912
  ],
  "assd_per_class": [
    0.6251319149068255,
    187.29987999267578,
    44.980085293805075,
    141.32091655225054,
    377.00634853080953,
    673.0028807570109,
    291.4773867503655,
    389.90730098003,
    460.0814850386341,
    577.973743995873,
    220.19485922320945,
    178.48869372661517,
    35.038334698551566,
    229.94090550710862,
    565.825076713485,
    73.45921833479697
  ],
  "surface_valid_pairs_per_class": [
    28,
    28,
    28,
    28,
    27,
    19,
    24,
    26,
    24,
    21,
    28,
    28,
    28,
    28,
    4,
    28
  ],
  "surface_one_empty_pairs_per_class": [
    0,
    6,
    0,
    4,
    13,
    17,
    8,
    13,
    14,
    16,
    7,
    5,
    1,
    7,
    3,
    1
  ],
  "confusion": [
    [
      24013692,
      14167,
      22604,
      24849,
      2516,
      131,
      1154,
      3415,
      703,
      112,
      24363,
      14,
      34902,
      3280,
      0,
      3167
    ],
    [
      6949,
      2486819,
      647591,
      3494,
      34826,
      8223,
      131499,
      32369,
      0,
      260,
      12429,
      11944,
      22406,
      20190,
      0,
      216291
    ],
    [
      22968,
      916650,
      4760277,
      185635,
      253315,
      7142,
      14098,
      162752,
      3385,
      1713,
      105573,
      91105,
      69666,
      52632,
      0,
      513335
    ],
    [
      16781,
      112671,
      153647,
      3425243,
      134777,
      3578,
      7070,
      112263,
      24105,
      12663,
      230809,
      5425,
      44241,
      97670,
      0,
      152163
    ],
    [
      1469,
      399217,
      137095,
      51057,
      1409609,
      0,
      648,
      4304,
      6,
      513,
      47731,
      6252,
      19815,
      4631,
      0,
      43034
    ],
    [
      456,
      50596,
      16960,
      2698,
      0,
      28,
      1854,
      37,
      0,
      3269,
      0,
      0,
      123,
      4952,
      0,
      1646
    ],
    [
      2918,
      344082,
      39082,
      1467,
      132,
      3773,
      149498,
      6610,
      0,
      877,
      845,
      2374,
      1376,
      18196,
      0,
      60946
    ],
    [
      1667,
      4634,
      76734,
      36056,
      1311,
      0,
      2581,
      1084491,
      14290,
      200,
      0,
      1659,
      2264,
      64410,
      0,
      284770
    ],
    [
      1471,
      15378,
      12689,
      13005,
      198,
      291,
      677,
      7149,
      160415,
      167,
      2584,
      3466,
      15690,
      22519,
      0,
      20313
    ],
    [
      1407,
      47959,
      84878,
      2311,
      498,
      9455,
      15066,
      573,
      0,
      59663,
      14821,
      0,
      2714,
      7351,
      0,
      5266
    ],
    [
      32642,
      54357,
      920868,
      279885,
      128880,
      4665,
      699,
      13774,
      5884,
      16295,
      2886059,
      486,
      77601,
      9591,
      0,
      34339
    ],
    [
      5237,
      53570,
      937179,
      7899,
      6073,
      2106,
      5393,
      172,
      423,
      494,
      12400,
      207304,
      24177,
      37116,
      0,
      63341
    ],
    [
      16135,
      13771,
      81488,
      52425,
      17215,
      567,
      2654,
      5927,
      11799,
      1386,
      51255,
      15060,
      3731503,
      16396,
      0,
      33809
    ],
    [
      1222,
      117454,
      255970,
      43802,
      83475,
      7855,
      3343,
      43398,
      12024,
      2305,
      1146,
      32821,
      21301,
      293701,
      0,
      300190
    ],
    [
      108,
      7846,
      12409,
      152,
      96,
      81,
      17703,
      22647,
      225,
      27,
      0,
      11914,
      3879,
      5038,
      270,
      61004
    ],
    [
      5930,
      233321,
      368596,
      108320,
      16627,
      1110,
      8097,
      36239,
      10578,
      1873,
      7620,
      14699,
      53285,
      108668,
      0,
      1421204
    ]
  ],
  "per_class": [
    {
      "class_id": 0,
      "class_name": "Background",
      "dice": 0.9947651953896305,
      "iou": 0.989584911731347,
      "jaccard": 0.989584911731347,
      "hd95": 1.9420866830266237,
      "assd": 0.6251319149068255,
      "surface_valid_pairs": 28,
      "surface_one_empty_pairs": 0
    },
    {
      "class_id": 1,
      "class_name": "Respiratory Tract",
      "dice": 0.5845986650809811,
      "iou": 0.4130267865788247,
      "jaccard": 0.4130267865788247,
      "hd95": 244.2515314449208,
      "assd": 187.29987999267578,
      "surface_valid_pairs": 28,
      "surface_one_empty_pairs": 6
    },
    {
      "class_id": 2,
      "class_name": "Gastroesophageal",
      "dice": 0.6068564542280613,
      "iou": 0.4356022436236484,
      "jaccard": 0.4356022436236484,
      "hd95": 154.9728786575879,
      "assd": 44.980085293805075,
      "surface_valid_pairs": 28,
      "surface_one_empty_pairs": 0
    },
    {
      "class_id": 3,
      "class_name": "Pleura",
      "dice": 0.7810022203970994,
      "iou": 0.640692077922831,
      "jaccard": 0.640692077922831,
      "hd95": 238.6717763391595,
      "assd": 141.32091655225054,
      "surface_valid_pairs": 28,
      "surface_one_empty_pairs": 4
    },
    {
      "class_id": 4,
      "class_name": "Heart",
      "dice": 0.6688648847940262,
      "iou": 0.5024770792636847,
      "jaccard": 0.5024770792636847,
      "hd95": 406.53701775670316,
      "assd": 377.00634853080953,
      "surface_valid_pairs": 27,
      "surface_one_empty_pairs": 13
    },
    {
      "class_id": 5,
      "class_name": "Vessels",
      "dice": 0.000425454324439312,
      "iou": 0.0002127724246937597,
      "jaccard": 0.0002127724246937597,
      "hd95": 677.5726861417675,
      "assd": 673.0028807570109,
      "surface_valid_pairs": 19,
      "surface_one_empty_pairs": 17
    },
    {
      "class_id": 6,
      "class_name": "Nerves",