{
  "dice": 0.4945905431167114,
  "iou": 0.36242047883580747,
  "jaccard": 0.36242047883580747,
  "hd95": 346.00389626497343,
  "assd": 286.5832522002805,
  "pixel_accuracy": 0.7713908920940171,
  "surface_unit": "pixel",
  "surface_evaluation_size": {
    "width": 640,
    "height": 384
  },
  "surface_empty_policy": {
    "both_empty": "undefined and excluded",
    "exactly_one_empty": "penalized by evaluation-image diagonal"
  },
  "class_names": [
    "Background",
    "Respiratory Tract",
    "Gastroesophageal",
    "Pleura",
    "Heart",
    "Vessels",
    "Nerves",
    "Aorta",
    "Azygos Vein",
    "Superior Caval Vein",
    "Lung",
    "Lymphatic Tissue",
    "Non-anatomical Other",
    "Fatty Tissue",
    "Pulmonary artery",
    "Anatomical Other"
  ],
  "dice_per_class": [
    0.9944566278078621,
    0.667744875552894,
    0.6794682527144693,
    0.6219841750164862,
    0.7459453005726862,
    0.0,
    0.36510795006171465,
    0.7739286561677745,
    0.5608414324260603,
    0.37077169777305463,
    0.6179829503271057,
    0.325388099860359,
    0.862385205816286,
    0.25967783347553786,
    0.11401380635936383,
    0.45361791062688017
  ],
  "iou_per_class": [
    0.9889743747600802,
    0.5012139666792516,
    0.5145413990320007,
    0.4513621423933411,
    0.5948267654619332,
    0.0,
    0.22332235946434317,
    0.6312264453949086,
    0.3897009301563609,
    0.22757504105855358,
    0.4471601493435803,
    0.19430657326227396,
    0.7580643379687086,
    0.14921250701192387,
    0.060453150051579065,
    0.29334141525835317
  ],
  "hd95_per_class": [
    1.1540365442739147,
    310.14456610188995,
    157.99943397719875,
    266.2704384550245,
    385.67139507061404,
    658.2664330011972,
    324.8214758629675,
    296.4064245010505,
    377.8872620577995,
    542.9237061660473,
    439.21951875608187,
    306.60082529253367,
    102.97105513634958,
    284.4601374086129,
    525.5709391828492,
    210.84483300438455
  ],
  "assd_per_class": [
    0.3926122360306844,
    263.3982799269861,
    81.36701522254464,
    153.24035677605806,
    357.54373140262123,
    646.2832987697128,
    280.85425915392204,
    250.03715207573643,
    329.48837789863404,
    531.6047122957592,
    361.92287418356017,
    227.9912137232681,
    20.387805601825228,
    180.51394026640915,
    508.7893095443414,
    105.32645616282916
  ],
  "surface_valid_pairs_per_class": [
    28,
    27,
    28,
    28,
    28,
    11,
    22,
    26,
    24,
    17,
    27,
    28,
    28,
    28,
    15,
    28
  ],
  "surface_one_empty_pairs_per_class": [
    0,
    9,
    2,
    4,
    13,
    9,
    7,
    8,
    10,
    12,
    12,
    7,
    0,
    5,
    10,
    2
  ],
  "confusion": [
    [
      16385367,
      1094,
      12687,
      11128,
      1280,
      60,
      118,
      6518,
      1421,
      317,
      16741,
      1250,
      11939,
      8147,
      0,
      12293
    ],
    [
      12044,
      2033812,
      389339,
      23123,
      25585,
      68,
      41983,
      6337,
      2510,
      128,
      75129,
      15810,
      26786,
      47648,
      0,
      130793
    ],
    [
      20681,
      417985,
      4313965,
      198503,
      69812,
      440,
      7464,
      138612,
      4454,
      962,
      230989,
      292009,
      142952,
      215408,
      4,
      441672
    ],
    [
      16209,
      23369,
      123047,
      1777442,
      51139,
      1440,
      652,
      37804,
      16886,
      5195,
      122663,
      1364,
      28226,
      51442,
      223,
      158547
    ],
    [
      3625,
      48564,
      15409,
      269671,
      1012137,
      0,
      0,
      2782,
      148,
      128,
      25350,
      2188,
      13482,
      11001,
      0,
      99186
    ],
    [
      273,
      21776,
      75281,
      4706,
      0,
      0,
      7304,
      0,
      0,
      0,
      0,
      403,
      24,
      0,
      0,
      11538
    ],
    [
      823,
      153317,
      116041,
      8635,
      0,
      427,
      153374,
      7048,
      6202,
      420,
      999,
      1250,
      932,
      25609,
      228,
      79972
    ],
    [
      4710,
      81212,
      19433,
      92792,
      4337,
      0,
      26592,
      1639059,
      8704,
      0,
      0,
      8495,
      4455,
      51127,
      36,
      201511
    ],
    [
      2519,
      6100,
      27175,
      15483,
      0,
      468,
      206,
      24603,
      149863,
      6115,
      14355,
      1648,
      5625,
      51110,
      232,
      18304
    ],
    [
      1964,
      3848,
      40879,
      258602,
      22157,
      0,
      712,
      123,
      2993,
      136766,
      83603,
      717,
      10599,
      3947,
      1197,
      13735
    ],
    [
      8832,
      25423,
      109369,
      48174,
      0,
      0,
      0,
      107,
      132,
      8,
      849027,
      2303,
      14846,
      2839,
      0,
      3358
    ],
    [
      1160,
      30023,
      365008,
      12997,
      10554,
      0,
      327,
      56,
      681,
      0,
      12506,
      238843,
      23394,
      78044,
      0,
      62548
    ],
    [
      9706,
      19025,
      94801,
      41283,
      6274,
      0,
      305,
      10525,
      3607,
      2343,
      8657,
      11467,
      2127478,
      14382,
      100,
      106925
    ],
    [
      6711,
      50711,
      215374,
      370362,
      497,
      4750,
      9545,
      115679,
      9235,
      2862,
      228471,
      29456,
      25981,
      363087,
      4232,
      297107
    ],
    [
      0,
      31509,
      26152,
      3018,
      405,
      31,
      3752,
      9784,
      30,
      0,
      0,
      315,
      4563,
      5171,
      9728,
      55879
    ],
    [
      8423,
      312721,
      258190,
      163826,
      5855,
      61,
      32546,
      94185,
      3750,
      651,
      14828,
      24391,
      35779,
      133420,
      4329,
      1156632
    ]
  ],
  "per_class": [
    {
      "class_id": 0,
      "class_name": "Background",
      "dice": 0.9944566278078621,
      "iou": 0.9889743747600802,
      "jaccard": 0.9889743747600802,
      "hd95": 1.1540365442739147,
      "assd": 0.3926122360306844,
      "surface_valid_pairs": 28,
      "surface_one_empty_pairs": 0
    },
    {
      "class_id": 1,
      "class_name": "Respiratory Tract",
      "dice": 0.667744875552894,
      "iou": 0.5012139666792516,
      "jaccard": 0.5012139666792516,
      "hd95": 310.14456610188995,
      "assd": 263.3982799269861,
      "surface_valid_pairs": 27,
      "surface_one_empty_pairs": 9
    },
    {
      "class_id": 2,
      "class_name": "Gastroesophageal",
      "dice": 0.6794682527144693,
      "iou": 0.5145413990320007,
      "jaccard": 0.5145413990320007,
      "hd95": 157.99943397719875,
      "assd": 81.36701522254464,
      "surface_valid_pairs": 28,
      "surface_one_empty_pairs": 2
    },
    {
      "class_id": 3,
      "class_name": "Pleura",
      "dice": 0.6219841750164862,
      "iou": 0.4513621423933411,
      "jaccard": 0.4513621423933411,
      "hd95": 266.2704384550245,
      "assd": 153.24035677605806,
      "surface_valid_pairs": 28,
      "surface_one_empty_pairs": 4
    },
    {
      "class_id": 4,
      "class_name": "Heart",
      "dice": 0.7459453005726862,
      "iou": 0.5948267654619332,
      "jaccard": 0.5948267654619332,
      "hd95": 385.67139507061404,
      "assd": 357.54373140262123,
      "surface_valid_pairs": 28,
      "surface_one_empty_pairs": 13
    },
    {
      "class_id": 5,
      "class_name": "Vessels",
      "dice": 0.0,
      "iou": 0.0,
      "jaccard": 0.0,
      "hd95": 658.2664330011972,
      "assd": 646.2832987697128,
      "surface_valid_pairs": 11,
      "surface_one_empty_pairs": 9
    },
    {
      "class_id": 6,
      "class_name": "Nerves",
      "dice": 0.36510795006171465,
      "iou": 0.22332235946434317,