{
  "dice": 0.3718979745475873,
  "iou": 0.24880720036740656,
  "jaccard": 0.24880720036740656,
  "hd95": 370.8592899694434,
  "assd": 321.1187418396347,
  "pixel_accuracy": 0.6333464230599647,
  "surface_unit": "pixel",
  "surface_evaluation_size": {
    "width": 640,
    "height": 384
  },
  "surface_empty_policy": {
    "both_empty": "undefined and excluded",
    "exactly_one_empty": "penalized by evaluation-image diagonal"
  },
  "class_names": [
    "Background",
    "Respiratory Tract",
    "Gastroesophageal",
    "Pleura",
    "Heart",
    "Vessels",
    "Nerves",
    "Aorta",
    "Azygos Vein",
    "Superior Caval Vein",
    "Lung",
    "Lymphatic Tissue",
    "Non-anatomical Other",
    "Fatty Tissue",
    "Pulmonary artery",
    "Anatomical Other"
  ],
  "dice_per_class": [
    0.9853304392168791,
    0.34980202570431523,
    0.5438976867723705,
    0.6273344786186364,
    0.4089929261177535,
    0.0,
    0.19436269255658242,
    0.6189290379530648,
    0.40906088545191627,
    0.3395422857363762,
    0.5077642606086454,
    0.29337907721535444,
    0.7264684679163488,
    0.37795077911094604,
    0.0,
    0.18098501445149887
  ],
  "iou_per_class": [
    0.9710850480785116,
    0.2119757939065542,
    0.3735298555818887,
    0.45701918555317605,
    0.25706543536589194,
    0.0,
    0.10764215590548386,
    0.44815151064774233,
    0.2571191327885056,
    0.2044871620756423,
    0.34027080789242437,
    0.17190641067300172,
    0.5704361844325588,
    0.23300820606651454,
    0.0,
    0.09949616462171426
  ],
  "hd95_per_class": [
    2.624342539213926,
    275.24714312610513,
    178.4698101136751,
    225.55327068043636,
    294.8848658647292,
    744.9899328178872,
    441.16057642687656,
    269.19148520993167,
    410.9791212024224,
    580.791809752657,
    386.68552975093473,
    402.99516754799043,
    100.35982851210707,
    329.62113235315366,
    641.2534043594526,
    280.706271823293
  ],
  "assd_per_class": [
    0.6296414495997774,
    212.37938705460823,
    98.1852165205518,
    139.0060195040923,
    256.27534757372865,
    744.9899328178872,
    410.5636623947412,
    232.8982548839254,
    385.36800367903123,
    576.0341208914697,
    321.9967927104556,
    340.1606573815791,
    25.891146517705298,
    258.42263224295493,
    637.8987745430011,
    176.7111788787891
  ],
  "surface_valid_pairs_per_class": [
    28,
    26,
    28,
    28,
    19,
    5,
    21,
    21,
    27,
    13,
    28,
    27,
    27,
    25,
    5,
    26
  ],
  "surface_one_empty_pairs_per_class": [
    0,
    6,
    2,
    4,
    6,
    5,
    11,
    6,
    13,
    10,
    11,
    11,
    0,
    7,
    4,
    4
  ],
  "confusion": [
    [
      14871513,
      4756,
      30015,
      20970,
      1196,
      0,
      28,
      3406,
      7225,
      8,
      51926,
      6658,
      11216,
      3777,
      639,
      2214
    ],
    [
      14235,
      1027456,
      1351887,
      171397,
      4276,
      0,
      76205,
      4001,
      13309,
      15739,
      866544,
      7218,
      17599,
      1880,
      0,
      24890
    ],
    [
      71869,
      189681,
      5133943,
      102171,
      75268,
      0,
      29890,
      11569,
      42904,
      279,
      1411430,
      348459,
      36628,
      155646,
      0,
      119314
    ],
    [
      34760,
      31323,
      531302,
      4542523,
      129705,
      90,
      20762,
      4336,
      58405,
      123233,
      2074653,
      10552,
      26919,
      59557,
      0,
      38681
    ],
    [
      17171,
      252342,
      990623,
      208809,
      1301757,
      0,
      36199,
      1771,
      92,
      3994,
      1887669,
      14821,
      2962,
      3214,
      0,
      77517
    ],
    [
      0,
      2306,
      110150,
      0,
      0,
      0,
      0,
      0,
      1224,
      0,
      96626,
      0,
      0,
      0,
      0,
      0
    ],
    [
      2260,
      232011,
      171714,
      38384,
      0,
      0,
      97014,
      32901,
      7405,
      0,
      42500,
      1281,
      1374,
      11663,
      0,
      3164
    ],
    [
      14784,
      165296,
      831190,
      545118,
      2931,
      333,
      17404,
      1806181,
      80552,
      4473,
      116085,
      18342,
      12198,
      110305,
      0,
      93804
    ],
    [
      6527,
      15913,
      41751,
      94159,
      0,
      0,
      582,
      9060,
      276518,
      0,
      195309,
      3050,
      19005,
      41498,
      0,
      7325
    ],
    [
      0,
      7937,
      9750,
      4180,
      0,
      0,
      0,
      0,
      9,
      105398,
      192242,
      0,
      0,
      1887,
      0,
      0
    ],
    [
      41250,
      603,
      37755,
      472507,
      1066,
      0,
      11425,
      0,
      352,
      0,
      4712161,
      689,
      21836,
      1025,
      0,
      1319
    ],
    [
      6195,
      1132,
      496651,
      15056,
      12045,
      0,
      0,
      2122,
      1740,
      176,
      55056,
      221138,
      1760,
      6022,
      0,
      6537
    ],
    [
      76307,
      4324,
      90999,
      97981,
      4284,
      0,
      3822,
      9802,
      15398,
      1196,
      836682,
      755,
      1801790,
      6067,
      0,
      6593
    ],
    [
      6755,
      50886,
      571661,
      266039,
      21023,
      0,
      1155,
      92930,
      127449,
      25378,
      242698,
      22379,
      48418,
      624767,
      594,
      130505
    ],
    [
      0,
      15174,
      69700,
      6602,
      0,
      0,
      11604,
      653,
      0,
      17356,
      80542,
      6700,
      189,
      747,
      0,
      4532
    ],
    [
      6666,
      276724,
      680199,
      209284,
      13178,
      0,
      50517,
      38744,
      8686,
      2191,
      396317,
      19852,
      2514,
      45384,
      0,
      250441
    ]
  ],
  "per_class": [
    {
      "class_id": 0,
      "class_name": "Background",
      "dice": 0.9853304392168791,
      "iou": 0.9710850480785116,
      "jaccard": 0.9710850480785116,
      "hd95": 2.624342539213926,
      "assd": 0.6296414495997774,
      "surface_valid_pairs": 28,
      "surface_one_empty_pairs": 0
    },
    {
      "class_id": 1,
      "class_name": "Respiratory Tract",
      "dice": 0.34980202570431523,
      "iou": 0.2119757939065542,
      "jaccard": 0.2119757939065542,
      "hd95": 275.24714312610513,
      "assd": 212.37938705460823,
      "surface_valid_pairs": 26,
      "surface_one_empty_pairs": 6
    },
    {
      "class_id": 2,
      "class_name": "Gastroesophageal",
      "dice": 0.5438976867723705,
      "iou": 0.3735298555818887,
      "jaccard": 0.3735298555818887,
      "hd95": 178.4698101136751,
      "assd": 98.1852165205518,
      "surface_valid_pairs": 28,
      "surface_one_empty_pairs": 2
    },
    {
      "class_id": 3,
      "class_name": "Pleura",
      "dice": 0.6273344786186364,
      "iou": 0.45701918555317605,
      "jaccard": 0.45701918555317605,
      "hd95": 225.55327068043636,
      "assd": 139.0060195040923,
      "surface_valid_pairs": 28,
      "surface_one_empty_pairs": 4
    },
    {
      "class_id": 4,
      "class_name": "Heart",
      "dice": 0.4089929261177535,
      "iou": 0.25706543536589194,
      "jaccard": 0.25706543536589194,
      "hd95": 294.8848658647292,
      "assd": 256.27534757372865,
      "surface_valid_pairs": 19,
      "surface_one_empty_pairs": 6
    },
    {
      "class_id": 5,
      "class_name": "Vessels",
      "dice": 0.0,
      "iou": 0.0,
      "jaccard": 0.0,
      "hd95": 744.9899328178872,
      "assd": 744.9899328178872,
      "surface_valid_pairs": 5,
      "surface_one_empty_pairs": 5
    },
    {
      "class_id": 6,
      "class_name": "Nerves",
      "dice": 0.19436269255658242,
      "iou": 0.10764215590548386,
      "jaccard": 0.10764215590548386,
      "hd95": 441.16057642687656,