{
  "dice": 0.3603041177721273,
  "iou": 0.24393005610035032,
  "jaccard": 0.24393005610035032,
  "hd95": 375.80436160267516,
  "assd": 321.8257964852743,
  "pixel_accuracy": 0.6361004154265874,
  "surface_unit": "pixel",
  "surface_evaluation_size": {
    "width": 640,
    "height": 384
  },
  "surface_empty_policy": {
    "both_empty": "undefined and excluded",
    "exactly_one_empty": "penalized by evaluation-image diagonal"
  },
  "class_names": [
    "Background",
    "Respiratory Tract",
    "Gastroesophageal",
    "Pleura",
    "Heart",
    "Vessels",
    "Nerves",
    "Aorta",
    "Azygos Vein",
    "Superior Caval Vein",
    "Lung",
    "Lymphatic Tissue",
    "Non-anatomical Other",
    "Fatty Tissue",
    "Pulmonary artery",
    "Anatomical Other"
  ],
  "dice_per_class": [
    0.9942749752633264,
    0.37500120869673065,
    0.601795129439016,
    0.5699486689377309,
    0.3239417931924297,
    0.0,
    0.06402014509892213,
    0.6312350194652276,
    0.419596885280216,
    0.19382555524318246,
    0.5766688067937876,
    0.15906600681292613,
    0.7332874358990857,
    0.48570815704908854,
    0.06965754388787226,
    0.20080941078569522
  ],
  "iou_per_class": [
    0.9886151291936431,
    0.23077014623252426,
    0.43040554507406725,
    0.39855119642059444,
    0.19327598043832245,
    0.0,
    0.03306860086216825,
    0.46117122255612214,
    0.2654999103533236,
    0.10731275475956534,
    0.4051543376174991,
    0.08640505710774933,
    0.5788901576258996,
    0.3207493716023627,
    0.036085588682626,
    0.11161097217242973
  ],
  "hd95_per_class": [
    1.3806019374818708,
    292.0698777361336,
    183.0344310781664,
    229.5533862648596,
    286.81317549917,
    744.9899328178872,
    427.2299233560061,
    298.5233806979218,
    404.894159734323,
    584.4236760918911,
    361.8914611282471,
    416.0556546333943,
    166.17157198299986,
    277.4327520036246,
    655.8658111731537,
    308.1162298423475
  ],
  "assd_per_class": [
    0.7826928682565438,
    221.37047104316753,
    98.74577170620556,
    146.9389689264148,
    219.07529276975367,
    744.9899328178872,
    379.8612846777835,
    266.5018223045063,
    369.18968438327715,
    574.3816235896303,
    321.20136190138874,
    358.3741374644478,
    70.27685104697213,
    200.17848937369067,
    646.0701814088092,
    210.23107386517995
  ],
  "surface_valid_pairs_per_class": [
    28,
    28,
    28,
    28,
    24,
    16,
    20,
    27,
    26,
    21,
    28,
    28,
    28,
    28,
    13,
    28
  ],
  "surface_one_empty_pairs_per_class": [
    0,
    7,
    2,
    4,
    6,
    16,
    9,
    9,
    12,
    16,
    11,
    12,
    1,
    6,
    11,
    6
  ],
  "confusion": [
    [
      14953310,
      1139,
      9332,
      8572,
      2420,
      1,
      7,
      1835,
      72,
      0,
      6548,
      3944,
      23750,
      564,
      0,
      4053
    ],
    [
      3296,
      1337964,
      1111859,
      58648,
      472326,
      531,
      66554,
      48599,
      4421,
      3763,
      65900,
      78870,
      30875,
      53265,
      10520,
      249245
    ],
    [
      29097,
      118995,
      5469873,
      321523,
      123139,
      410,
      8715,
      20443,
      8194,
      42208,
      561568,
      322596,
      152516,
      237289,
      117,
      312368
    ],
    [
      15047,
      227782,
      470459,
      4413652,
      651132,
      35606,
      52514,
      16305,
      86424,
      228855,
      727102,
      72926,
      229970,
      230960,
      528,
      227539
    ],
    [
      4684,
      1229201,
      716139,
      630173,
      1274445,
      27368,
      52104,
      10006,
      3878,
      75020,
      268344,
      40260,
      197041,
      134940,
      464,
      134874
    ],
    [
      182,
      12827,
      150102,
      0,
      50,
      0,
      0,
      3389,
      1646,
      287,
      0,
      23163,
      9176,
      2334,
      0,
      7150
    ],
    [
      444,
      97308,
      206984,
      8389,
      146164,
      1133,
      29288,
      14683,
      10,
      118,
      350,
      24107,
      1946,
      40826,
      0,
      69921
    ],
    [
      6269,
      225851,
      493138,
      259150,
      28715,
      27334,
      13142,
      1896034,
      11167,
      1422,
      93394,
      8454,
      43002,
      312490,
      14378,
      385056
    ],
    [
      2920,
      1637,
      66593,
      69058,
      25829,
      806,
      0,
      30793,
      229526,
      426,
      133425,
      300,
      23680,
      113781,
      0,
      11923
    ],
    [
      56,
      0,
      157759,
      30324,
      12857,
      0,
      0,
      0,
      145,
      88248,
      15810,
      3781,
      242,
      9813,
      0,
      2368
    ],
    [
      22053,
      39384,
      164154,
      1239001,
      119305,
      680,
      577,
      692,
      9701,
      127280,
      2928082,
      6591,
      585505,
      18756,
      0,
      40227
    ],
    [
      3402,
      16033,
      415675,
      21131,
      18873,
      0,
      19470,
      866,
      571,
      1640,
      1606,
      137261,
      53376,
      90886,
      0,
      44840
    ],
    [
      11984,
      11991,
      64716,
      208535,
      15248,
      0,
      28,
      1062,
      4222,
      1612,
      21859,
      6791,
      2564253,
      17707,
      0,
      25992
    ],
    [
      4076,
      38641,
      306172,
      316656,
      40271,
      2147,
      4630,
      66027,
      22413,
      15190,
      13282,
      48210,
      69636,
      1188778,
      179,
      96329
    ],
    [
      0,
      11661,
      57304,
      1008,
      20496,
      0,
      776,
      0,
      0,
      0,
      0,
      12050,
      2024,
      10929,
      8660,
      88891
    ],
    [
      6455,
      168735,
      589212,
      215272,
      118147,
      5809,
      25486,
      77649,
      944,
      3120,
      15902,
      110903,
      50863,
      199075,
      0,
      413125
    ]
  ],
  "per_class": [
    {
      "class_id": 0,
      "class_name": "Background",
      "dice": 0.9942749752633264,
      "iou": 0.9886151291936431,
      "jaccard": 0.9886151291936431,
      "hd95": 1.3806019374818708,
      "assd": 0.7826928682565438,
      "surface_valid_pairs": 28,
      "surface_one_empty_pairs": 0
    },
    {
      "class_id": 1,
      "class_name": "Respiratory Tract",
      "dice": 0.37500120869673065,
      "iou": 0.23077014623252426,
      "jaccard": 0.23077014623252426,
      "hd95": 292.0698777361336,
      "assd": 221.37047104316753,
      "surface_valid_pairs": 28,
      "surface_one_empty_pairs": 7
    },
    {
      "class_id": 2,
      "class_name": "Gastroesophageal",
      "dice": 0.601795129439016,
      "iou": 0.43040554507406725,
      "jaccard": 0.43040554507406725,
      "hd95": 183.0344310781664,
      "assd": 98.74577170620556,
      "surface_valid_pairs": 28,
      "surface_one_empty_pairs": 2
    },
    {
      "class_id": 3,
      "class_name": "Pleura",
      "dice": 0.5699486689377309,
      "iou": 0.39855119642059444,
      "jaccard": 0.39855119642059444,
      "hd95": 229.5533862648596,
      "assd": 146.9389689264148,
      "surface_valid_pairs": 28,
      "surface_one_empty_pairs": 4
    },
    {
      "class_id": 4,
      "class_name": "Heart",
      "dice": 0.3239417931924297,
      "iou": 0.19327598043832245,
      "jaccard": 0.19327598043832245,
      "hd95": 286.81317549917,
      "assd": 219.07529276975367,
      "surface_valid_pairs": 24,
      "surface_one_empty_pairs": 6
    },
    {
      "class_id": 5,
      "class_name": "Vessels",
      "dice": 0.0,
      "iou": 0.0,
      "jaccard": 0.0,
      "hd95": 744.9899328178872,
      "assd": 744.9899328178872,
      "surface_valid_pairs": 16,
      "surface_one_empty_pairs": 16
    },
    {
      "class_id": 6,
      "class_name": "Nerves",