{
  "dice": 0.5428387105670718,
  "iou": 0.41597712773690226,
  "jaccard": 0.41597712773690226,
  "hd95": 330.2175312011201,
  "assd": 286.0620985719506,
  "pixel_accuracy": 0.8236880132550706,
  "surface_unit": "pixel",
  "surface_evaluation_size": {
    "width": 640,
    "height": 384
  },
  "surface_empty_policy": {
    "both_empty": "undefined and excluded",
    "exactly_one_empty": "penalized by evaluation-image diagonal"
  },
  "class_names": [
    "Background",
    "Respiratory Tract",
    "Gastroesophageal",
    "Pleura",
    "Heart",
    "Vessels",
    "Nerves",
    "Aorta",
    "Azygos Vein",
    "Superior Caval Vein",
    "Lung",
    "Lymphatic Tissue",
    "Non-anatomical Other",
    "Fatty Tissue",
    "Pulmonary artery",
    "Anatomical Other"
  ],
  "dice_per_class": [
    0.9961078284409184,
    0.6027550724438311,
    0.6682305707384232,
    0.8315737434798216,
    0.7868058785414993,
    0.0,
    0.3022400646922453,
    0.8077256756784823,
    0.6768214758610838,
    0.6109845464555568,
    0.7072941840294094,
    0.25403590777111007,
    0.8982554418214806,
    0.38528628836891154,
    0.10760148093792736,
    0.5029703276862941
  ],
  "iou_per_class": [
    0.9922458374129227,
    0.43138827027131965,
    0.5017614581443993,
    0.7117040881607922,
    0.648540793781297,
    0.0,
    0.17802285140947088,
    0.677466300499368,
    0.5115118357150924,
    0.43986878972186155,
    0.547142416543054,
    0.14549893030549613,
    0.8153028169311215,
    0.23860965915729923,
    0.056859842075578114,
    0.3359788633373832
  ],
  "hd95_per_class": [
    1.0505076272276106,
    314.3077394438741,
    128.97048554655765,
    103.12336959955398,
    325.31952798673257,
    744.9899328178872,
    449.26395237177866,
    266.5336953653195,
    313.4555465737703,
    596.3716193414294,
    337.3822910374534,
    278.0011259135084,
    70.97866257247505,
    191.1500772911824,
    541.7619244957942,
    291.6530176594842
  ],
  "assd_per_class": [
    0.2575112111209168,
    261.7847387950061,
    34.28923957126656,
    63.934910360788365,
    277.3527040270011,
    744.9899328178872,
    425.6958533372917,
    234.01527826645344,
    294.5212554875387,
    590.9188080781953,
    288.3196246280892,
    218.7871339846178,
    11.853207289044354,
    92.0526530397201,
    528.4220276687281,
    223.9941112276308
  ],
  "surface_valid_pairs_per_class": [
    28,
    28,
    28,
    28,
    28,
    6,
    16,
    28,
    22,
    14,
    28,
    28,
    28,
    28,
    15,
    28
  ],
  "surface_one_empty_pairs_per_class": [
    0,
    9,
    0,
    2,
    10,
    6,
    8,
    8,
    8,
    11,
    10,
    7,
    0,
    1,
    10,
    7
  ],
  "confusion": [
    [
      23995876,
      2720,
      20162,
      34744,
      3687,
      0,
      0,
      7383,
      315,
      18,
      17347,
      324,
      19545,
      2924,
      0,
      4818
    ],
    [
      7261,
      1555461,
      853011,
      56194,
      93179,
      0,
      16618,
      1187,
      165,
      0,
      33369,
      6278,
      12233,
      62294,
      1798,
      48170
    ],
    [
      13979,
      366897,
      4863342,
      39440,
      54777,
      0,
      11093,
      15434,
      1397,
      27242,
      360681,
      272641,
      67930,
      140144,
      192,
      80705
    ],
    [
      17338,
      77486,
      270795,
      6632480,
      278897,
      11,
      4719,
      56474,
      12491,
      31943,
      354699,
      6519,
      86033,
      323700,
      2256,
      197885
    ],
    [
      4697,
      47729,
      176299,
      112384,
      1871858,
      0,
      0,
      72,
      0,
      0,
      45612,
      3946,
      13322,
      12347,
      0,
      29395
    ],
    [
      632,
      39141,
      30284,
      12754,
      27,
      0,
      8140,
      1356,
      0,
      3402,
      25748,
      0,
      1076,
      5969,
      0,
      40091
    ],
    [
      756,
      70996,
      51403,
      187,
      11398,
      0,
      63165,
      3703,
      0,
      567,
      4339,
      52,
      2419,
      11581,
      0,
      40678
    ],
    [
      3654,
      46616,
      50552,
      31181,
      1339,
      0,
      20786,
      2139026,
      10653,
      0,
      6904,
      23185,
      19625,
      137525,
      90,
      161693
    ],
    [
      1013,
      559,
      43783,
      57249,
      0,
      0,
      42,
      22515,
      307969,
      0,
      1990,
      173,
      2800,
      98985,
      0,
      4129
    ],
    [
      0,
      209,
      23031,
      25116,
      22750,
      0,
      0,
      0,
      478,
      128732,
      8585,
      25,
      389,
      9062,
      0,
      488
    ],
    [
      7377,
      13410,
      337737,
      185449,
      17106,
      0,
      0,
      10422,
      24,
      1408,
      1862719,
      16169,
      5467,
      13242,
      153,
      17493
    ],
    [
      2222,
      45524,
      986613,
      2005,
      25948,
      0,
      4673,
      5550,
      2582,
      68,
      10568,
      269998,
      19703,
      53015,
      0,
      21497
    ],
    [
      9913,
      4093,
      147284,
      33081,
      6855,
      7,
      1324,
      11048,
      6011,
      5797,
      18841,
      25206,
      2512045,
      17064,
      856,
      10264
    ],
    [
      1360,
      75863,
      241907,
      125847,
      6177,
      0,
      15675,
      246472,
      25096,
      3350,
      1951,
      10909,
      9734,
      675927,
      512,
      159920
    ],
    [
      0,
      697,
      17610,
      0,
      1,
      0,
      0,
      108,
      0,
      0,
      0,
      513,
      24,
      15962,
      3226,
      2102
    ],
    [
      3333,
      66552,
      126173,
      249797,
      46459,
      0,
      10500,
      122838,
      1657,
      0,
      25640,
      39764,
      11130,
      328259,
      10636,
      942161
    ]
  ],
  "per_class": [
    {
      "class_id": 0,
      "class_name": "Background",
      "dice": 0.9961078284409184,
      "iou": 0.9922458374129227,
      "jaccard": 0.9922458374129227,
      "hd95": 1.0505076272276106,
      "assd": 0.2575112111209168,
      "surface_valid_pairs": 28,
      "surface_one_empty_pairs": 0
    },
    {
      "class_id": 1,
      "class_name": "Respiratory Tract",
      "dice": 0.6027550724438311,
      "iou": 0.43138827027131965,
      "jaccard": 0.43138827027131965,
      "hd95": 314.3077394438741,
      "assd": 261.7847387950061,
      "surface_valid_pairs": 28,
      "surface_one_empty_pairs": 9
    },
    {
      "class_id": 2,
      "class_name": "Gastroesophageal",
      "dice": 0.6682305707384232,
      "iou": 0.5017614581443993,
      "jaccard": 0.5017614581443993,
      "hd95": 128.97048554655765,
      "assd": 34.28923957126656,
      "surface_valid_pairs": 28,
      "surface_one_empty_pairs": 0
    },
    {
      "class_id": 3,
      "class_name": "Pleura",
      "dice": 0.8315737434798216,
      "iou": 0.7117040881607922,
      "jaccard": 0.7117040881607922,
      "hd95": 103.12336959955398,
      "assd": 63.934910360788365,
      "surface_valid_pairs": 28,
      "surface_one_empty_pairs": 2
    },
    {
      "class_id": 4,
      "class_name": "Heart",
      "dice": 0.7868058785414993,
      "iou": 0.648540793781297,
      "jaccard": 0.648540793781297,
      "hd95": 325.31952798673257,
      "assd": 277.3527040270011,
      "surface_valid_pairs": 28,
      "surface_one_empty_pairs": 10
    },
    {
      "class_id": 5,
      "class_name": "Vessels",
      "dice": 0.0,
      "iou": 0.0,
      "jaccard": 0.0,
      "hd95": 744.9899328178872,
      "assd": 744.9899328178872,
      "surface_valid_pairs": 6,
      "surface_one_empty_pairs": 6
    },
    {
      "class_id": 6,
      "class_name": "Nerves",
      "dice": 0.3022400646922453,
      "iou": 0.17802285140947088,
      "jaccard": 0.17802285140947088,
      "hd95": 449.26395237177866,