{
  "dice": 0.5154272343029604,
  "iou": 0.38627648412694915,
  "jaccard": 0.38627648412694915,
  "hd95": 295.3136575818652,
  "assd": 246.20255600171313,
  "pixel_accuracy": 0.7968190414186508,
  "surface_unit": "pixel",
  "surface_evaluation_size": {
    "width": 640,
    "height": 384
  },
  "surface_empty_policy": {
    "both_empty": "undefined and excluded",
    "exactly_one_empty": "penalized by evaluation-image diagonal"
  },
  "class_names": [
    "Background",
    "Respiratory Tract",
    "Gastroesophageal",
    "Pleura",
    "Heart",
    "Vessels",
    "Nerves",
    "Aorta",
    "Azygos Vein",
    "Superior Caval Vein",
    "Lung",
    "Lymphatic Tissue",
    "Non-anatomical Other",
    "Fatty Tissue",
    "Pulmonary artery",
    "Anatomical Other"
  ],
  "dice_per_class": [
    0.9950121205396334,
    0.5999673120117693,
    0.5939613532787986,
    0.7650652876359659,
    0.7563299753751721,
    0.0,
    0.48430117995378874,
    0.7067905939903121,
    0.49353290840077346,
    0.7071020304371554,
    0.7154584453826457,
    0.24809072721297487,
    0.8919632952699286,
    0.3148201219154109,
    0.029165199013737233,
    0.4248600846659734
  ],
  "iou_per_class": [
    0.9900737520077457,
    0.4285380742601725,
    0.42243600818788385,
    0.6195188134046393,
    0.6081436075484176,
    0.0,
    0.31952336014817456,
    0.5465399421824321,
    0.3276094852339932,
    0.5469124765322674,
    0.5569757107591353,
    0.14161162970403124,
    0.804994357553543,
    0.18681692441832506,
    0.01479839862739491,
    0.269728473343828
  ],
  "hd95_per_class": [
    1.3214285714285714,
    218.8751216171638,
    153.79470646749314,
    99.56266856258169,
    313.86050534343167,
    744.9899328178872,
    396.5005563307427,
    124.91038157304918,
    122.12021339383632,
    543.6341173370565,
    392.229697370667,
    325.1573240385361,
    56.095321901453985,
    207.88174574388245,
    576.0060901206487,
    154.0864811095473
  ],
  "assd_per_class": [
    0.4792584993281775,
    161.8019692706288,
    52.21735672382978,
    25.10421983959515,
    267.39765414071275,
    744.9899328178872,
    371.73758304149686,
    83.95295617476513,
    79.24959887461864,
    537.0645877256441,
    322.92259874756894,
    276.9054082771359,
    9.327820345939214,
    121.01052329379414,
    571.3018572352155,
    68.05427351686549
  ],
  "surface_valid_pairs_per_class": [
    28,
    28,
    28,
    28,
    27,
    9,
    19,
    27,
    25,
    21,
    28,
    28,
    28,
    28,
    8,
    28
  ],
  "surface_one_empty_pairs_per_class": [
    0,
    5,
    0,
    0,
    9,
    9,
    9,
    2,
    2,
    15,
    11,
    9,
    0,
    3,
    6,
    1
  ],
  "confusion": [
    [
      24023301,
      3501,
      18083,
      35838,
      2693,
      39,
      166,
      4475,
      3098,
      483,
      13121,
      64,
      65131,
      2247,
      0,
      4286
    ],
    [
      4838,
      1462843,
      864484,
      19124,
      117849,
      1523,
      93600,
      1678,
      180,
      534,
      18060,
      15924,
      24347,
      12974,
      63,
      153385
    ],
    [
      17094,
      161290,
      4383945,
      351499,
      61710,
      9031,
      13777,
      13111,
      249,
      23933,
      134339,
      157435,
      95322,
      105256,
      306,
      200004
    ],
    [
      15396,
      4557,
      722922,
      5689947,
      231997,
      0,
      0,
      56493,
      40892,
      36976,
      370160,
      13121,
      79109,
      100371,
      0,
      211533
    ],
    [
      1422,
      105273,
      204421,
      160740,
      1692041,
      0,
      0,
      597,
      0,
      2883,
      10097,
      14912,
      20817,
      6061,
      0,
      21543
    ],
    [
      0,
      4585,
      8883,
      9118,
      0,
      0,
      2236,
      0,
      0,
      4667,
      0,
      0,
      221,
      57365,
      0,
      3326
    ],
    [
      0,
      62271,
      49329,
      5073,
      0,
      0,
      145255,
      327,
      0,
      0,
      40,
      27,
      5177,
      10869,
      0,
      51801
    ],
    [
      4597,
      21773,
      561077,
      137261,
      3326,
      0,
      6004,
      1810407,
      10510,
      9,
      433,
      2083,
      27266,
      82715,
      15574,
      254642
    ],
    [
      5798,
      27756,
      215316,
      17793,
      853,
      0,
      1593,
      4608,
      275648,
      24164,
      4470,
      19360,
      22357,
      39375,
      0,
      73730
    ],
    [
      3472,
      47123,
      67795,
      44895,
      3577,
      3384,
      36,
      0,
      1262,
      428227,
      13715,
      607,
      3473,
      8560,
      0,
      18541
    ],
    [
      11941,
      22525,
      460513,
      161619,
      15696,
      0,
      726,
      11698,
      0,
      1792,
      1809276,
      12043,
      38209,
      1366,
      0,
      26454
    ],
    [
      418,
      2407,
      289065,
      2947,
      5265,
      0,
      0,
      0,
      766,
      24,
      233,
      107574,
      15597,
      18372,
      0,
      17639
    ],
    [
      7111,
      2923,
      47880,
      76281,
      6244,
      0,
      92,
      1576,
      9264,
      1731,
      21790,
      5959,
      2869759,
      6524,
      2975,
      38437
    ],
    [
      8602,
      12463,
      575240,
      438616,
      24996,
      0,
      1705,
      220086,
      20993,
      9606,
      844,
      16110,
      27550,
      536082,
      0,
      337410
    ],
    [
      0,
      9466,
      38173,
      72,
      805,
      0,
      0,
      4,
      0,
      0,
      0,
      0,
      1767,
      1,
      1242,
      13480
    ],
    [
      6938,
      134247,
      526291,
      150112,
      66487,
      342,
      4495,
      60158,
      21357,
      31521,
      87233,
      41689,
      40054,
      187199,
      0,
      1028404
    ]
  ],
  "per_class": [
    {
      "class_id": 0,
      "class_name": "Background",
      "dice": 0.9950121205396334,
      "iou": 0.9900737520077457,
      "jaccard": 0.9900737520077457,
      "hd95": 1.3214285714285714,
      "assd": 0.4792584993281775,
      "surface_valid_pairs": 28,
      "surface_one_empty_pairs": 0
    },
    {
      "class_id": 1,
      "class_name": "Respiratory Tract",
      "dice": 0.5999673120117693,
      "iou": 0.4285380742601725,
      "jaccard": 0.4285380742601725,
      "hd95": 218.8751216171638,
      "assd": 161.8019692706288,
      "surface_valid_pairs": 28,
      "surface_one_empty_pairs": 5
    },
    {
      "class_id": 2,
      "class_name": "Gastroesophageal",
      "dice": 0.5939613532787986,
      "iou": 0.42243600818788385,
      "jaccard": 0.42243600818788385,
      "hd95": 153.79470646749314,
      "assd": 52.21735672382978,
      "surface_valid_pairs": 28,
      "surface_one_empty_pairs": 0
    },
    {
      "class_id": 3,
      "class_name": "Pleura",
      "dice": 0.7650652876359659,
      "iou": 0.6195188134046393,
      "jaccard": 0.6195188134046393,
      "hd95": 99.56266856258169,
      "assd": 25.10421983959515,
      "surface_valid_pairs": 28,
      "surface_one_empty_pairs": 0
    },
    {
      "class_id": 4,
      "class_name": "Heart",
      "dice": 0.7563299753751721,
      "iou": 0.6081436075484176,
      "jaccard": 0.6081436075484176,
      "hd95": 313.86050534343167,
      "assd": 267.39765414071275,
      "surface_valid_pairs": 27,
      "surface_one_empty_pairs": 9
    },
    {
      "class_id": 5,
      "class_name": "Vessels",
      "dice": 0.0,
      "iou": 0.0,
      "jaccard": 0.0,
      "hd95": 744.9899328178872,
      "assd": 744.9899328178872,
      "surface_valid_pairs": 9,
      "surface_one_empty_pairs": 9
    },
    {
      "class_id": 6,
      "class_name": "Nerves",
      "dice": 0.48430117995378874,
      "iou": 0.31952336014817456,
      "jaccard": 0.31952336014817456,
      "hd95": 396.5005563307427,