{
  "dice": 0.3650107068598657,
  "iou": 0.2470957066432638,
  "jaccard": 0.2470957066432638,
  "hd95": 377.14944021653974,
  "assd": 319.5721029536915,
  "pixel_accuracy": 0.638730434303351,
  "surface_unit": "pixel",
  "surface_evaluation_size": {
    "width": 640,
    "height": 384
  },
  "surface_empty_policy": {
    "both_empty": "undefined and excluded",
    "exactly_one_empty": "penalized by evaluation-image diagonal"
  },
  "class_names": [
    "Background",
    "Respiratory Tract",
    "Gastroesophageal",
    "Pleura",
    "Heart",
    "Vessels",
    "Nerves",
    "Aorta",
    "Azygos Vein",
    "Superior Caval Vein",
    "Lung",
    "Lymphatic Tissue",
    "Non-anatomical Other",
    "Fatty Tissue",
    "Pulmonary artery",
    "Anatomical Other"
  ],
  "dice_per_class": [
    0.9906754417862748,
    0.3674396222214567,
    0.5531343119709813,
    0.573332105139147,
    0.5908088089504218,
    0.0,
    0.03774387542624432,
    0.6356203265308215,
    0.4361700431663042,
    0.24145142868878738,
    0.5568122085094305,
    0.21232717186474412,
    0.6970647337677609,
    0.342309194530034,
    3.658062598596218e-05,
    0.23091019150586659
  ],
  "iou_per_class": [
    0.9815231718324032,
    0.22506954549603791,
    0.38229831320727775,
    0.4018679520331294,
    0.41925383347761497,
    0.0,
    0.019234938270070685,
    0.4658676311958265,
    0.27891142592601476,
    0.1373015409570154,
    0.38582103576024396,
    0.11877294800426388,
    0.5349956761731508,
    0.20649761306541553,
    1.8290647534649347e-05,
    0.13052485543536063
  ],
  "hd95_per_class": [
    1.6354254779021478,
    301.0334581313911,
    182.34858625101472,
    252.8244233086146,
    348.00578573455067,
    684.4827985412237,
    393.44272613082666,
    304.82052245599243,
    331.3420770265759,
    644.1897854196621,
    387.0220010763503,
    431.8722073861095,
    153.62609255459938,
    232.2038630765806,
    685.1237237575324,
    324.90355239707105
  ],
  "assd_per_class": [
    0.5436650502566028,
    220.5539773831728,
    95.6042307269585,
    146.21472605877506,
    312.4730567429497,
    680.6413120558452,
    353.27232622281053,
    260.3220732261151,
    299.81523148197823,
    631.8707665769446,
    313.27078317968284,
    365.0278321984636,
    50.578597345613616,
    168.46756668761964,
    679.6066987106916,
    215.86236570775102
  ],
  "surface_valid_pairs_per_class": [
    28,
    28,
    28,
    28,
    28,
    21,
    22,
    28,
    22,
    25,
    27,
    28,
    28,
    26,
    18,
    28
  ],
  "surface_one_empty_pairs_per_class": [
    0,
    7,
    2,
    4,
    11,
    19,
    9,
    9,
    8,
    21,
    10,
    12,
    1,
    4,
    16,
    6
  ],
  "confusion": [
    [
      14872310,
      350,
      14543,
      30341,
      2534,
      20,
      2,
      4724,
      5469,
      497,
      40092,
      7549,
      25002,
      7325,
      0,
      4789
    ],
    [
      6629,
      1210616,
      1045840,
      378044,
      64721,
      20524,
      46636,
      37969,
      7985,
      67186,
      304709,
      73653,
      15742,
      28541,
      108,
      287733
    ],
    [
      41825,
      195420,
      4423284,
      330780,
      92364,
      36957,
      7319,
      60694,
      4870,
      72658,
      1564956,
      445714,
      67213,
      115111,
      609,
      269277
    ],
    [
      10315,
      150017,
      360630,
      4406677,
      158074,
      81,
      5486,
      27847,
      20872,
      236777,
      1966651,
      30617,
      24479,
      125925,
      1525,
      160828
    ],
    [
      8720,
      499006,
      285839,
      451767,
      2205019,
      531,
      7047,
      13455,
      0,
      36037,
      1045330,
      88028,
      7065,
      362,
      9,
      150726
    ],
    [
      0,
      46945,
      60213,
      6634,
      0,
      0,
      171,
      18733,
      0,
      0,
      5134,
      9384,
      0,
      0,
      197,
      62895
    ],
    [
      557,
      288177,
      149573,
      82161,
      298,
      21,
      13930,
      9637,
      0,
      0,
      3802,
      3549,
      1970,
      22784,
      0,
      65212
    ],
    [
      3984,
      147449,
      389842,
      545826,
      2418,
      742,
      2269,
      1983649,
      10104,
      4,
      106487,
      22147,
      14560,
      108172,
      9,
      481334
    ],
    [
      3651,
      13847,
      63476,
      69892,
      81,
      189,
      2016,
      10195,
      232553,
      0,
      164156,
      10212,
      19432,
      103295,
      115,
      17587
    ],
    [
      0,
      21411,
      13259,
      2308,
      18,
      1611,
      479,
      90,
      0,
      105808,
      93480,
      330,
      0,
      2078,
      0,
      80531
    ],
    [
      17868,
      67335,
      40026,
      476863,
      6228,
      0,
      0,
      40875,
      0,
      581,
      4586686,
      16716,
      19492,
      296,
      180,
      28842
    ],
    [
      2872,
      14965,
      417055,
      14886,
      13836,
      45,
      36,
      4996,
      284,
      1665,
      89604,
      200560,
      5391,
      11837,
      9,
      47589
    ],
    [
      27317,
      80504,
      78686,
      176289,
      7521,
      471,
      5604,
      12022,
      12558,
      1923,
      771556,
      23281,
      1742765,
      6946,
      1784,
      6773
    ],
    [
      3530,
      51154,
      396844,
      351453,
      63983,
      2555,
      724,
      109729,
      60457,
      14246,
      178829,
      56580,
      90525,
      583694,
      99,
      268235
    ],
    [
      0,
      9060,
      80379,
      23567,
      19684,
      0,
      0,
      12,
      0,
      90,
      12664,
      29756,
      1873,
      3885,
      4,
      32825
    ],
    [
      9461,
      196577,
      444986,
      337873,
      28688,
      4068,
      4743,
      87993,
      492,
      17558,
      238680,
      45454,
      8787,
      57444,
      248,
      517645
    ]
  ],
  "per_class": [
    {
      "class_id": 0,
      "class_name": "Background",
      "dice": 0.9906754417862748,
      "iou": 0.9815231718324032,
      "jaccard": 0.9815231718324032,
      "hd95": 1.6354254779021478,
      "assd": 0.5436650502566028,
      "surface_valid_pairs": 28,
      "surface_one_empty_pairs": 0
    },
    {
      "class_id": 1,
      "class_name": "Respiratory Tract",
      "dice": 0.3674396222214567,
      "iou": 0.22506954549603791,
      "jaccard": 0.22506954549603791,
      "hd95": 301.0334581313911,
      "assd": 220.5539773831728,
      "surface_valid_pairs": 28,
      "surface_one_empty_pairs": 7
    },
    {
      "class_id": 2,
      "class_name": "Gastroesophageal",
      "dice": 0.5531343119709813,
      "iou": 0.38229831320727775,
      "jaccard": 0.38229831320727775,
      "hd95": 182.34858625101472,
      "assd": 95.6042307269585,
      "surface_valid_pairs": 28,
      "surface_one_empty_pairs": 2
    },
    {
      "class_id": 3,
      "class_name": "Pleura",
      "dice": 0.573332105139147,
      "iou": 0.4018679520331294,
      "jaccard": 0.4018679520331294,
      "hd95": 252.8244233086146,
      "assd": 146.21472605877506,
      "surface_valid_pairs": 28,
      "surface_one_empty_pairs": 4
    },
    {
      "class_id": 4,
      "class_name": "Heart",
      "dice": 0.5908088089504218,
      "iou": 0.41925383347761497,
      "jaccard": 0.41925383347761497,
      "hd95": 348.00578573455067,
      "assd": 312.4730567429497,
      "surface_valid_pairs": 28,
      "surface_one_empty_pairs": 11
    },
    {
      "class_id": 5,
      "class_name": "Vessels",
      "dice": 0.0,
      "iou": 0.0,
      "jaccard": 0.0,
      "hd95": 684.4827985412237,
      "assd": 680.6413120558452,
      "surface_valid_pairs": 21,
      "surface_one_empty_pairs": 19
    },
    {
      "class_id": 6,
      "class_name": "Nerves",
      "dice": 0.03774387542624432,