{
  "dice": 0.42233978688074136,
  "iou": 0.2943028918942956,
  "jaccard": 0.2943028918942956,
  "hd95": 342.0792987326315,
  "assd": 288.03491913140454,
  "pixel_accuracy": 0.7314793192918193,
  "surface_unit": "pixel",
  "surface_evaluation_size": {
    "width": 640,
    "height": 384
  },
  "surface_empty_policy": {
    "both_empty": "undefined and excluded",
    "exactly_one_empty": "penalized by evaluation-image diagonal"
  },
  "class_names": [
    "Background",
    "Respiratory Tract",
    "Gastroesophageal",
    "Pleura",
    "Heart",
    "Vessels",
    "Nerves",
    "Aorta",
    "Azygos Vein",
    "Superior Caval Vein",
    "Lung",
    "Lymphatic Tissue",
    "Non-anatomical Other",
    "Fatty Tissue",
    "Pulmonary artery",
    "Anatomical Other"
  ],
  "dice_per_class": [
    0.9938359726698779,
    0.5025103888699854,
    0.6565010622714339,
    0.51883365486413,
    0.5069248089695129,
    0.22549420122103447,
    0.18877446360073633,
    0.7563288313703945,
    0.476714047274864,
    0.24652448561417123,
    0.4839774354056074,
    0.19990266011650368,
    0.8548251576081307,
    0.33769217623132924,
    0.02899943658237497,
    0.35109399321091156
  ],
  "iou_per_class": [
    0.9877474702678877,
    0.3355685309167442,
    0.48865022802427416,
    0.3502872290934591,
    0.3395172674590117,
    0.12707436705825173,
    0.10422471404418361,
    0.6081421282796072,
    0.31295112150284693,
    0.14059191793192433,
    0.3192415777367365,
    0.11105102801243044,
    0.7464582053013846,
    0.20314659619765046,
    0.014713053420995107,
    0.2129254134349333
  ],
  "hd95_per_class": [
    2.3367742881061466,
    339.09028993612884,
    128.81440801526804,
    264.5622252490812,
    393.57558486160946,
    681.4361380746943,
    369.02374882359896,
    291.2037262083411,
    407.0424493227428,
    474.6977316074271,
    428.45185160708854,
    259.0908244252641,
    71.30258148766431,
    267.25187241828013,
    526.9629297100016,
    228.6831192422828
  ],
  "assd_per_class": [
    0.651296209883646,
    296.1539808061138,
    72.16267471875523,
    153.38710750274757,
    349.2067957149218,
    678.4633883897286,
    320.623428028977,
    260.0457800526,
    355.51174796527545,
    456.94111189088585,
    351.90155674167005,
    182.5703764932603,
    15.525959212015795,
    190.1023798252918,
    508.54551195078176,
    129.38198767804286
  ],
  "surface_valid_pairs_per_class": [
    28,
    28,
    28,
    28,
    27,
    11,
    21,
    27,
    24,
    12,
    26,
    25,
    28,
    28,
    13,
    28
  ],
  "surface_one_empty_pairs_per_class": [
    0,
    10,
    2,
    4,
    12,
    10,
    8,
    9,
    10,
    7,
    11,
    4,
    0,
    6,
    8,
    3
  ],
  "confusion": [
    [
      16443930,
      1850,
      2643,
      4715,
      727,
      0,
      2,
      4846,
      23,
      0,
      5099,
      103,
      5037,
      467,
      0,
      918
    ],
    [
      11138,
      1335800,
      520563,
      118719,
      410810,
      5618,
      32613,
      5162,
      3438,
      41,
      171441,
      16968,
      36210,
      49618,
      10000,
      102956
    ],
    [
      23103,
      507741,
      4303093,
      363139,
      309038,
      4490,
      19417,
      24094,
      17321,
      635,
      238177,
      174708,
      206988,
      154391,
      219,
      149358
    ],
    [
      23315,
      3526,
      151677,
      1684367,
      78687,
      1290,
      0,
      11264,
      22924,
      45011,
      198986,
      11314,
      47820,
      31468,
      0,
      103999
    ],
    [
      3633,
      57089,
      84766,
      315531,
      857422,
      0,
      13,
      2636,
      0,
      2463,
      96738,
      3037,
      22569,
      4294,
      9726,
      43754
    ],
    [
      717,
      15430,
      35012,
      8128,
      0,
      19871,
      1304,
      3730,
      0,
      271,
      22595,
      361,
      883,
      1162,
      53,
      11788
    ],
    [
      688,
      179795,
      125020,
      32349,
      11802,
      12260,
      70399,
      9717,
      825,
      972,
      15361,
      17548,
      3424,
      28265,
      23,
      46829
    ],
    [
      4957,
      77984,
      41604,
      53389,
      38821,
      0,
      22726,
      1605210,
      8798,
      0,
      784,
      14169,
      7938,
      109235,
      3354,
      153494
    ],
    [
      3260,
      19372,
      21327,
      47425,
      8422,
      0,
      3632,
      12455,
      132240,
      16918,
      9086,
      5242,
      10254,
      16377,
      0,
      17796
    ],
    [
      3905,
      1566,
      29082,
      261664,
      60814,
      426,
      6,
      53,
      6560,
      101663,
      84595,
      312,
      7726,
      17985,
      0,
      5485
    ],
    [
      12041,
      4926,
      151871,
      182396,
      10805,
      0,
      0,
      0,
      0,
      56327,
      619691,
      0,
      25058,
      0,
      0,
      1303
    ],
    [
      2513,
      23130,
      474383,
      10435,
      27735,
      386,
      0,
      1,
      7819,
      9562,
      11902,
      131434,
      49928,
      54127,
      0,
      32786
    ],
    [
      51348,
      7896,
      52271,
      38912,
      14694,
      0,
      1519,
      9726,
      4580,
      1642,
      6338,
      6361,
      2208207,
      13175,
      0,
      40209
    ],
    [
      7943,
      35296,
      101767,
      668064,
      17760,
      4535,
      15289,
      137046,
      17752,
      3790,
      10137,
      54128,
      17384,
      493993,
      1558,
      147618
    ],
    [
      214,
      10459,
      113369,
      0,
      0,
      0,
      288,
      6819,
      0,
      0,
      0,
      5052,
      5272,
      207,
      2625,
      6032
    ],
    [
      28774,
      203552,
      404813,
      288017,
      31629,
      6063,
      23368,
      269519,
      8712,
      3633,
      5478,
      38102,
      54877,
      216876,
      3143,
      663031
    ]
  ],
  "per_class": [
    {
      "class_id": 0,
      "class_name": "Background",
      "dice": 0.9938359726698779,
      "iou": 0.9877474702678877,
      "jaccard": 0.9877474702678877,
      "hd95": 2.3367742881061466,
      "assd": 0.651296209883646,
      "surface_valid_pairs": 28,
      "surface_one_empty_pairs": 0
    },
    {
      "class_id": 1,
      "class_name": "Respiratory Tract",
      "dice": 0.5025103888699854,
      "iou": 0.3355685309167442,
      "jaccard": 0.3355685309167442,
      "hd95": 339.09028993612884,
      "assd": 296.1539808061138,
      "surface_valid_pairs": 28,
      "surface_one_empty_pairs": 10
    },
    {
      "class_id": 2,
      "class_name": "Gastroesophageal",
      "dice": 0.6565010622714339,
      "iou": 0.48865022802427416,
      "jaccard": 0.48865022802427416,
      "hd95": 128.81440801526804,
      "assd": 72.16267471875523,
      "surface_valid_pairs": 28,
      "surface_one_empty_pairs": 2
    },
    {
      "class_id": 3,
      "class_name": "Pleura",
      "dice": 0.51883365486413,
      "iou": 0.3502872290934591,
      "jaccard": 0.3502872290934591,
      "hd95": 264.5622252490812,
      "assd": 153.38710750274757,
      "surface_valid_pairs": 28,
      "surface_one_empty_pairs": 4
    },
    {
      "class_id": 4,
      "class_name": "Heart",
      "dice": 0.5069248089695129,
      "iou": 0.3395172674590117,
      "jaccard": 0.3395172674590117,
      "hd95": 393.57558486160946,
      "assd": 349.2067957149218,
      "surface_valid_pairs": 27,
      "surface_one_empty_pairs": 12
    },
    {
      "class_id": 5,
      "class_name": "Vessels",
      "dice": 0.22549420122103447,
      "iou": 0.12707436705825173,
      "jaccard": 0.12707436705825173,
      "hd95": 681.4361380746943,
      "assd": 678.4633883897286,
      "surface_valid_pairs": 11,
      "surface_one_empty_pairs": 10
    },
    {
      "class_id": 6,
      "class_name": "Nerves",