{
  "dice": 0.4375451924946561,
  "iou": 0.3142588096872733,
  "jaccard": 0.3142588096872733,
  "hd95": 348.63560650058656,
  "assd": 298.32183090530475,
  "pixel_accuracy": 0.7620025731646826,
  "surface_unit": "pixel",
  "surface_evaluation_size": {
    "width": 640,
    "height": 384
  },
  "surface_empty_policy": {
    "both_empty": "undefined and excluded",
    "exactly_one_empty": "penalized by evaluation-image diagonal"
  },
  "class_names": [
    "Background",
    "Respiratory Tract",
    "Gastroesophageal",
    "Pleura",
    "Heart",
    "Vessels",
    "Nerves",
    "Aorta",
    "Azygos Vein",
    "Superior Caval Vein",
    "Lung",
    "Lymphatic Tissue",
    "Non-anatomical Other",
    "Fatty Tissue",
    "Pulmonary artery",
    "Anatomical Other"
  ],
  "dice_per_class": [
    0.9966215054440721,
    0.5477742666795836,
    0.5636714931675794,
    0.730674428742689,
    0.5704458838785177,
    0.00019519717354492708,
    0.17241026929324627,
    0.6999040477415125,
    0.5064385876541605,
    0.24834632459609976,
    0.6420108829338703,
    0.25264880755718233,
    0.8778319688330097,
    0.26072330711175545,
    0.05469800734934132,
    0.4354044147077495
  ],
  "iou_per_class": [
    0.9932657624729677,
    0.37719636425057324,
    0.39243911854862606,
    0.5756398872662202,
    0.39903762819849886,
    9.760811318636805e-05,
    0.0943375126246594,
    0.5383479938735753,
    0.33908119443092094,
    0.1417782111174662,
    0.472765852734449,
    0.14458959861639278,
    0.7822642816870436,
    0.14990329496038843,
    0.028118003043224198,
    0.27828559584387447
  ],
  "hd95_per_class": [
    1.2099509803134278,
    238.51011231757005,
    140.40059403596157,
    243.48231794941407,
    353.6635196433881,
    677.5513333561173,
    364.1642430091816,
    432.6032647318307,
    503.6035738624479,
    641.2498017607115,
    283.10558093565777,
    223.3841460748687,
    83.48142879045848,
    288.67049910603174,
    586.5180524262533,
    169.14562950890573
  ],
  "assd_per_class": [
    0.3675150178595531,
    183.480315118986,
    44.22485643819761,
    151.56757396567377,
    325.3268174912683,
    665.3136522400649,
    313.45602938290546,
    403.03898478030084,
    476.93925360348953,
    623.6122340434972,
    214.3493571784873,
    153.09380281037815,
    41.82380370130964,
    222.53479762067872,
    573.4988851378977,
    82.56710006643583
  ],
  "surface_valid_pairs_per_class": [
    28,
    28,
    28,
    28,
    24,
    16,
    25,
    26,
    26,
    25,
    27,
    28,
    28,
    28,
    12,
    28
  ],
  "surface_one_empty_pairs_per_class": [
    0,
    6,
    0,
    4,
    10,
    14,
    9,
    13,
    16,
    20,
    6,
    4,
    1,
    7,
    9,
    1
  ],
  "confusion": [
    [
      24097866,
      2442,
      7515,
      3627,
      501,
      0,
      0,
      933,
      266,
      0,
      6005,
      891,
      26591,
      1002,
      0,
      1430
    ],
    [
      6231,
      2253250,
      743305,
      5910,
      55824,
      35343,
      103211,
      33986,
      2606,
      897,
      10425,
      44105,
      66030,
      35285,
      12276,
      226606
    ],
    [
      16001,
      713490,
      4389470,
      307106,
      151321,
      24234,
      28746,
      99569,
      3069,
      89043,
      138565,
      267913,
      138835,
      371989,
      3340,
      417555
    ],
    [
      17724,
      60348,
      230772,
      3218124,
      238716,
      20019,
      11189,
      81632,
      44851,
      72762,
      354313,
      9373,
      58665,
      23718,
      0,
      90900
    ],
    [
      1705,
      469534,
      101586,
      157364,
      1095810,
      1049,
      6297,
      5920,
      213,
      12275,
      39063,
      28465,
      14028,
      9401,
      4924,
      177747
    ],
    [
      0,
      61,
      74819,
      2950,
      0,
      20,
      0,
      0,
      0,
      4,
      0,
      0,
      91,
      0,
      0,
      4674
    ],
    [
      1164,
      200296,
      186554,
      7,
      4796,
      5606,
      80983,
      1784,
      4268,
      768,
      4258,
      26283,
      11774,
      15675,
      0,
      87960
    ],
    [
      1954,
      9042,
      96338,
      14137,
      3760,
      0,
      4084,
      1047096,
      5246,
      15,
      141,
      6539,
      3006,
      170800,
      1511,
      211398
    ],
    [
      1848,
      14205,
      17335,
      25008,
      2548,
      0,
      3436,
      4950,
      124671,
      4411,
      4799,
      1769,
      7448,
      28378,
      0,
      35206
    ],
    [
      698,
      22254,
      59515,
      24071,
      5326,
      29193,
      8139,
      11,
      90,
      73869,
      0,
      89,
      749,
      2753,
      0,
      25205
    ],
    [
      19730,
      334335,
      1210956,
      212003,
      17798,
      89,
      4873,
      4913,
      7991,
      40787,
      2420755,
      6182,
      144559,
      1830,
      0,
      39224
    ],
    [
      3237,
      171296,
      614336,
      6645,
      9961,
      1905,
      19776,
      3060,
      3271,
      13966,
      16356,
      273377,
      37739,
      52790,
      831,
      134338
    ],
    [
      28205,
      10294,
      105672,
      84158,
      8648,
      0,
      1997,
      20179,
      6030,
      3377,
      39894,
      15678,
      3671196,
      6498,
      0,
      49564
    ],
    [
      2378,
      125301,
      135049,
      61769,
      94389,
      389,
      17196,
      45707,
      4661,
      14831,
      703,
      62668,
      59847,
      321725,
      1319,
      272075
    ],
    [
      73,
      16718,
      43503,
      0,
      1976,
      67,
      976,
      9709,
      0,
      0,
      0,
      15108,
      3141,
      15134,
      4860,
      32134
    ],
    [
      11230,
      188773,
      397597,
      152655,
      25187,
      4388,
      16343,
      57597,
      9099,
      15920,
      39863,
      42763,
      69145,
      190957,
      5243,
      1169407
    ]
  ],
  "per_class": [
    {
      "class_id": 0,
      "class_name": "Background",
      "dice": 0.9966215054440721,
      "iou": 0.9932657624729677,
      "jaccard": 0.9932657624729677,
      "hd95": 1.2099509803134278,
      "assd": 0.3675150178595531,
      "surface_valid_pairs": 28,
      "surface_one_empty_pairs": 0
    },
    {
      "class_id": 1,
      "class_name": "Respiratory Tract",
      "dice": 0.5477742666795836,
      "iou": 0.37719636425057324,
      "jaccard": 0.37719636425057324,
      "hd95": 238.51011231757005,
      "assd": 183.480315118986,
      "surface_valid_pairs": 28,
      "surface_one_empty_pairs": 6
    },
    {
      "class_id": 2,
      "class_name": "Gastroesophageal",
      "dice": 0.5636714931675794,
      "iou": 0.39243911854862606,
      "jaccard": 0.39243911854862606,
      "hd95": 140.40059403596157,
      "assd": 44.22485643819761,
      "surface_valid_pairs": 28,
      "surface_one_empty_pairs": 0
    },
    {
      "class_id": 3,
      "class_name": "Pleura",
      "dice": 0.730674428742689,
      "iou": 0.5756398872662202,
      "jaccard": 0.5756398872662202,
      "hd95": 243.48231794941407,
      "assd": 151.56757396567377,
      "surface_valid_pairs": 28,
      "surface_one_empty_pairs": 4
    },
    {
      "class_id": 4,
      "class_name": "Heart",
      "dice": 0.5704458838785177,
      "iou": 0.39903762819849886,
      "jaccard": 0.39903762819849886,
      "hd95": 353.6635196433881,
      "assd": 325.3268174912683,
      "surface_valid_pairs": 24,
      "surface_one_empty_pairs": 10
    },
    {
      "class_id": 5,
      "class_name": "Vessels",
      "dice": 0.00019519717354492708,
      "iou": 9.760811318636805e-05,
      "jaccard": 9.760811318636805e-05,
      "hd95": 677.5513333561173,
      "assd": 665.3136522400649,
      "surface_valid_pairs": 16,