{
  "dice": 0.45125895204325955,
  "iou": 0.32593426639323503,
  "jaccard": 0.32593426639323503,
  "hd95": 328.52801952536913,
  "assd": 271.3071877729238,
  "pixel_accuracy": 0.7711727017195767,
  "surface_unit": "pixel",
  "surface_evaluation_size": {
    "width": 640,
    "height": 384
  },
  "surface_empty_policy": {
    "both_empty": "undefined and excluded",
    "exactly_one_empty": "penalized by evaluation-image diagonal"
  },
  "class_names": [
    "Background",
    "Respiratory Tract",
    "Gastroesophageal",
    "Pleura",
    "Heart",
    "Vessels",
    "Nerves",
    "Aorta",
    "Azygos Vein",
    "Superior Caval Vein",
    "Lung",
    "Lymphatic Tissue",
    "Non-anatomical Other",
    "Fatty Tissue",
    "Pulmonary artery",
    "Anatomical Other"
  ],
  "dice_per_class": [
    0.9976451023615363,
    0.49781071673604493,
    0.6292150739333882,
    0.7426814383793566,
    0.6013002718076496,
    0.1266878513810804,
    0.07888659819344614,
    0.5722220146062119,
    0.6371721212967055,
    0.42980048374043833,
    0.6520109349868229,
    0.18866767785540825,
    0.8859492442140451,
    0.34402942359895045,
    0.0,
    0.3824504299193457
  ],
  "iou_per_class": [
    0.9953012697518377,
    0.33139013989928245,
    0.45901808662200894,
    0.5906867686913522,
    0.42989946997756057,
    0.06762773170209768,
    0.04106295761575745,
    0.4007780064268117,
    0.46753675299258113,
    0.27372348500290217,
    0.48369156094040666,
    0.10415961530020532,
    0.7952503417036993,
    0.20775092776505472,
    0.0,
    0.23643815125880557
  ],
  "hd95_per_class": [
    0.9790790557990391,
    318.69251992859864,
    120.96399741440402,
    137.87408062696454,
    345.39333788846403,
    546.1283008992574,
    420.2126525981628,
    251.842100356498,
    350.4908922810397,
    671.0068071250811,
    381.5363955473259,
    294.22859464542717,
    99.03239534196358,
    167.4168037113544,
    515.1286405823955,
    307.97277393359997
  ],
  "assd_per_class": [
    0.2185814023352935,
    265.7120040188408,
    38.81170181185167,
    72.2266910656673,
    296.78774929082954,
    519.8941346119424,
    360.068454189923,
    199.66312985792837,
    304.0953029866421,
    650.9480252866899,
    299.88596530637625,
    232.11128237764729,
    21.112724292109004,
    73.46549934463772,
    506.25066679985633,
    228.57448535291437
  ],
  "surface_valid_pairs_per_class": [
    28,
    28,
    28,
    28,
    28,
    12,
    16,
    26,
    25,
    22,
    28,
    28,
    28,
    28,
    11,
    28
  ],
  "surface_one_empty_pairs_per_class": [
    0,
    9,
    0,
    2,
    10,
    8,
    7,
    6,
    9,
    19,
    10,
    7,
    0,
    1,
    7,
    7
  ],
  "confusion": [
    [
      24067169,
      1516,
      6352,
      7632,
      415,
      51,
      11,
      1324,
      279,
      0,
      6512,
      413,
      14620,
      1710,
      0,
      1859
    ],
    [
      9056,
      1494319,
      542648,
      111030,
      163092,
      427,
      54497,
      4610,
      20162,
      40711,
      69628,
      13375,
      19420,
      81730,
      5,
      122508
    ],
    [
      10961,
      389586,
      4808662,
      113296,
      150872,
      6983,
      30232,
      2438,
      2157,
      13629,
      164595,
      339447,
      113396,
      66246,
      3075,
      100319
    ],
    [
      17416,
      74569,
      704171,
      5616072,
      467623,
      3356,
      11792,
      54990,
      50928,
      165405,
      215280,
      30464,
      91211,
      606456,
      0,
      243993
    ],
    [
      3614,
      142066,
      287219,
      183696,
      1460623,
      988,
      2484,
      16029,
      0,
      3957,
      24224,
      17297,
      23383,
      39058,
      909,
      112114
    ],
    [
      404,
      4848,
      44143,
      18985,
      182,
      12957,
      16797,
      757,
      0,
      4570,
      0,
      937,
      514,
      21814,
      0,
      41712
    ],
    [
      377,
      87974,
      86846,
      2997,
      16118,
      1467,
      19113,
      9,
      0,
      18071,
      3296,
      3524,
      2151,
      16286,
      0,
      3015
    ],
    [
      3615,
      444099,
      338358,
      72420,
      87104,
      2830,
      13227,
      1232614,
      18596,
      0,
      5047,
      51891,
      27207,
      229180,
      3437,
      123204
    ],
    [
      565,
      3639,
      52368,
      18313,
      313,
      0,
      1434,
      18080,
      328712,
      5467,
      12034,
      5201,
      22031,
      54214,
      0,
      18836
    ],
    [
      2,
      0,
      2667,
      18621,
      6,
      0,
      981,
      1156,
      22714,
      141004,
      0,
      0,
      76,
      27642,
      0,
      3996
    ],
    [
      4281,
      20259,
      457250,
      365708,
      63055,
      0,
      0,
      5135,
      12719,
      19925,
      1491965,
      30607,
      8158,
      150,
      0,
      8964
    ],
    [
      2217,
      112399,
      872236,
      23688,
      89968,
      0,
      10919,
      7728,
      123,
      648,
      15961,
      213572,
      70190,
      5551,
      0,
      24766
    ],
    [
      12157,
      7746,
      83588,
      19992,
      8691,
      0,
      325,
      6350,
      2953,
      1272,
      38306,
      13837,
      2579241,
      7353,
      0,
      27878
    ],
    [
      1183,
      138225,
      212229,
      113055,
      5171,
      611,
      39084,
      242643,
      29306,
      9858,
      2406,
      53164,
      10587,
      607064,
      34,
      136080
    ],
    [
      0,
      367,
      15733,
      0,
      985,
      0,
      0,
      0,
      0,
      0,
      0,
      0,
      6526,
      2485,
      0,
      14147
    ],
    [
      5077,
      334733,
      454273,
      84540,
      26336,
      6260,
      22429,
      61475,
      1928,
      12755,
      39073,
      40307,
      24148,
      161501,
      8247,
      701817
    ]
  ],
  "per_class": [
    {
      "class_id": 0,
      "class_name": "Background",
      "dice": 0.9976451023615363,
      "iou": 0.9953012697518377,
      "jaccard": 0.9953012697518377,
      "hd95": 0.9790790557990391,
      "assd": 0.2185814023352935,
      "surface_valid_pairs": 28,
      "surface_one_empty_pairs": 0
    },
    {
      "class_id": 1,
      "class_name": "Respiratory Tract",
      "dice": 0.49781071673604493,
      "iou": 0.33139013989928245,
      "jaccard": 0.33139013989928245,
      "hd95": 318.69251992859864,
      "assd": 265.7120040188408,
      "surface_valid_pairs": 28,
      "surface_one_empty_pairs": 9
    },
    {
      "class_id": 2,
      "class_name": "Gastroesophageal",
      "dice": 0.6292150739333882,
      "iou": 0.45901808662200894,
      "jaccard": 0.45901808662200894,
      "hd95": 120.96399741440402,
      "assd": 38.81170181185167,
      "surface_valid_pairs": 28,
      "surface_one_empty_pairs": 0
    },
    {
      "class_id": 3,
      "class_name": "Pleura",
      "dice": 0.7426814383793566,
      "iou": 0.5906867686913522,
      "jaccard": 0.5906867686913522,
      "hd95": 137.87408062696454,
      "assd": 72.2266910656673,
      "surface_valid_pairs": 28,
      "surface_one_empty_pairs": 2
    },
    {
      "class_id": 4,
      "class_name": "Heart",
      "dice": 0.6013002718076496,
      "iou": 0.42989946997756057,
      "jaccard": 0.42989946997756057,
      "hd95": 345.39333788846403,
      "assd": 296.78774929082954,
      "surface_valid_pairs": 28,
      "surface_one_empty_pairs": 10
    },
    {
      "class_id": 5,
      "class_name": "Vessels",
      "dice": 0.1266878513810804,
      "iou": 0.06762773170209768,
      "jaccard": 0.06762773170209768,
      "hd95": 546.1283008992574,
      "assd": 519.8941346119424,
      "surface_valid_pairs": 12,
      "surface_one_empty_pairs": 8
    },
    {
      "class_id": 6,
      "class_name": "Nerves",