{
  "dice": 0.5651660798333782,
  "iou": 0.42447853647677614,
  "jaccard": 0.42447853647677614,
  "hd95": 274.11216617569767,
  "assd": 229.11622162823235,
  "pixel_accuracy": 0.8136121961805556,
  "surface_unit": "pixel",
  "surface_evaluation_size": {
    "width": 640,
    "height": 384
  },
  "surface_empty_policy": {
    "both_empty": "undefined and excluded",
    "exactly_one_empty": "penalized by evaluation-image diagonal"
  },
  "class_names": [
    "Background",
    "Respiratory Tract",
    "Gastroesophageal",
    "Pleura",
    "Heart",
    "Vessels",
    "Nerves",
    "Aorta",
    "Azygos Vein",
    "Superior Caval Vein",
    "Lung",
    "Lymphatic Tissue",
    "Non-anatomical Other",
    "Fatty Tissue",
    "Pulmonary artery",
    "Anatomical Other"
  ],
  "dice_per_class": [
    0.9944038287542708,
    0.5910641027759463,
    0.6320648481142552,
    0.8317955973820521,
    0.693304082368245,
    0.32193314783247434,
    0.17885295174004273,
    0.7999246670443481,
    0.6460647545565887,
    0.6522039507167469,
    0.7564096824927853,
    0.3379052844134568,
    0.8889044884159112,
    0.43981153623520947,
    0.3035118644067797,
    0.403740239005829
  ],
  "iou_per_class": [
    0.9888699432123003,
    0.4195109968739432,
    0.4620576108764604,
    0.7120291581832742,
    0.5305779814670146,
    0.1918476295605504,
    0.09820895677311203,
    0.666562044129532,
    0.4771755198270238,
    0.48390403805055193,
    0.608246680473529,
    0.20330085959885386,
    0.8000252715885785,
    0.2818964160098508,
    0.1789059752549634,
    0.2529289084844026
  ],
  "hd95_per_class": [
    1.3005076272276104,
    317.7645275858099,
    113.5651816702507,
    107.98743441788169,
    266.2778031989813,
    340.16433007165705,
    496.01790837902445,
    291.3628312347543,
    397.2258066573228,
    327.37712931428115,
    295.1848297779798,
    279.57351739374457,
    70.25823641482505,
    180.72176166868223,
    333.218801403439,
    294.98239344683003
  ],
  "assd_per_class": [
    0.37436053848740564,
    259.55529091452865,
    35.739348792254226,
    66.23551815739701,
    223.30629950461037,
    310.9724099054314,
    471.0872456704467,
    260.5272400530257,
    362.61978493160615,
    308.4851828186432,
    244.22736432652476,
    223.67516020142196,
    18.049871987039474,
    108.54648797750461,
    311.4062792826579,
    232.30983990039337
  ],
  "surface_valid_pairs_per_class": [
    28,
    28,
    28,
    28,
    25,
    5,
    15,
    28,
    21,
    5,
    26,
    28,
    28,
    27,
    5,
    28
  ],
  "surface_one_empty_pairs_per_class": [
    0,
    9,
    0,
    2,
    7,
    2,
    9,
    9,
    10,
    2,
    8,
    7,
    0,
    2,
    2,
    7
  ],
  "confusion": [
    [
      23921557,
      9551,
      33720,
      46915,
      5952,
      3207,
      0,
      9113,
      654,
      1417,
      33944,
      1698,
      21695,
      13779,
      8,
      6653
    ],
    [
      7056,
      1627555,
      581218,
      19969,
      85153,
      20880,
      56331,
      1927,
      13213,
      29443,
      163258,
      4610,
      11524,
      73031,
      809,
      51241
    ],
    [
      16641,
      530474,
      4313488,
      74755,
      92900,
      3204,
      33923,
      37339,
      1867,
      4099,
      291520,
      523657,
      77661,
      141569,
      0,
      172797
    ],
    [
      16882,
      101044,
      223091,
      6576082,
      418118,
      755,
      0,
      100838,
      16634,
      44546,
      227743,
      21260,
      59844,
      408129,
      8129,
      130631
    ],
    [
      4385,
      239865,
      137958,
      56705,
      1689789,
      0,
      0,
      1153,
      0,
      0,
      74429,
      20538,
      11984,
      59095,
      0,
      21760
    ],
    [
      648,
      4723,
      48505,
      8967,
      0,
      40321,
      6554,
      417,
      0,
      4189,
      0,
      36,
      2282,
      36410,
      0,
      15568
    ],
    [
      737,
      32481,
      93463,
      780,
      17611,
      4571,
      37846,
      11036,
      0,
      1516,
      0,
      1286,
      2291,
      46690,
      0,
      10936
    ],
    [
      2800,
      10485,
      139408,
      39839,
      10433,
      0,
      5394,
      2098220,
      15431,
      0,
      2801,
      8762,
      23740,
      204654,
      1170,
      89692
    ],
    [
      961,
      4252,
      29304,
      55733,
      2345,
      0,
      0,
      20332,
      302786,
      1984,
      1260,
      17089,
      2681,
      79453,
      0,
      23027
    ],
    [
      136,
      0,
      90,
      4173,
      34870,
      0,
      135,
      0,
      634,
      150574,
      0,
      224,
      0,
      11239,
      0,
      16790
    ],
    [
      10707,
      15614,
      173806,
      57922,
      81067,
      0,
      0,
      65225,
      243,
      0,
      2027656,
      13445,
      6512,
      7498,
      0,
      28481
    ],
    [
      2053,
      62104,
      745496,
      14028,
      50439,
      714,
      441,
      4585,
      2504,
      542,
      13630,
      443450,
      32286,
      45466,
      0,
      32228
    ],
    [
      11423,
      3757,
      121567,
      63492,
      7578,
      0,
      1878,
      2704,
      12271,
      0,
      843,
      41915,
      2469254,
      47000,
      0,
      26007
    ],
    [
      1969,
      58615,
      168816,
      165553,
      24061,
      1330,
      16360,
      129878,
      28932,
      4564,
      348,
      50781,
      9983,
      843387,
      155,
      95968
    ],
    [
      0,
      331,
      28,
      0,
      0,
      0,
      0,
      375,
      0,
      0,
      51,
      6823,
      20,
      16596,
      11192,
      4827
    ],
    [
      4541,
      59134,
      523026,
      273135,
      36620,
      6891,
      3102,
      110073,
      948,
      0,
      35605,
      19160,
      14278,
      200524,
      12044,
      685818
    ]
  ],
  "per_class": [
    {
      "class_id": 0,
      "class_name": "Background",
      "dice": 0.9944038287542708,
      "iou": 0.9888699432123003,
      "jaccard": 0.9888699432123003,
      "hd95": 1.3005076272276104,
      "assd": 0.37436053848740564,
      "surface_valid_pairs": 28,
      "surface_one_empty_pairs": 0
    },
    {
      "class_id": 1,
      "class_name": "Respiratory Tract",
      "dice": 0.5910641027759463,
      "iou": 0.4195109968739432,
      "jaccard": 0.4195109968739432,
      "hd95": 317.7645275858099,
      "assd": 259.55529091452865,
      "surface_valid_pairs": 28,
      "surface_one_empty_pairs": 9
    },
    {
      "class_id": 2,
      "class_name": "Gastroesophageal",
      "dice": 0.6320648481142552,
      "iou": 0.4620576108764604,
      "jaccard": 0.4620576108764604,
      "hd95": 113.5651816702507,
      "assd": 35.739348792254226,
      "surface_valid_pairs": 28,
      "surface_one_empty_pairs": 0
    },
    {
      "class_id": 3,
      "class_name": "Pleura",
      "dice": 0.8317955973820521,
      "iou": 0.7120291581832742,
      "jaccard": 0.7120291581832742,
      "hd95": 107.98743441788169,
      "assd": 66.23551815739701,
      "surface_valid_pairs": 28,
      "surface_one_empty_pairs": 2
    },
    {
      "class_id": 4,
      "class_name": "Heart",
      "dice": 0.693304082368245,
      "iou": 0.5305779814670146,
      "jaccard": 0.5305779814670146,
      "hd95": 266.2778031989813,
      "assd": 223.30629950461037,
      "surface_valid_pairs": 25,
      "surface_one_empty_pairs": 7
    },
    {
      "class_id": 5,
      "class_name": "Vessels",
      "dice": 0.32193314783247434,
      "iou": 0.1918476295605504,
      "jaccard": 0.1918476295605504,
      "hd95": 340.16433007165705,
      "assd": 310.9724099054314,
      "surface_valid_pairs": 5,
      "surface_one_empty_pairs": 2
    },
    {
      "class_id": 6,
      "class_name": "Nerves",
      "dice": 0.17885295174004273,