{
  "dice": 0.5463840867297555,
  "iou": 0.41367212963683003,
  "jaccard": 0.41367212963683003,
  "hd95": 290.032259000918,
  "assd": 246.54729850129348,
  "pixel_accuracy": 0.8224897176752646,
  "surface_unit": "pixel",
  "surface_evaluation_size": {
    "width": 640,
    "height": 384
  },
  "surface_empty_policy": {
    "both_empty": "undefined and excluded",
    "exactly_one_empty": "penalized by evaluation-image diagonal"
  },
  "class_names": [
    "Background",
    "Respiratory Tract",
    "Gastroesophageal",
    "Pleura",
    "Heart",
    "Vessels",
    "Nerves",
    "Aorta",
    "Azygos Vein",
    "Superior Caval Vein",
    "Lung",
    "Lymphatic Tissue",
    "Non-anatomical Other",
    "Fatty Tissue",
    "Pulmonary artery",
    "Anatomical Other"
  ],
  "dice_per_class": [
    0.9936400908721882,
    0.6432377946708746,
    0.6816197019896364,
    0.7801139588162591,
    0.7231258151766168,
    0.0,
    0.39116142443662744,
    0.671846346903947,
    0.6322590213472002,
    0.5982327930143561,
    0.8225962509608189,
    0.27203578889960084,
    0.9050151302706175,
    0.3670989147754068,
    0.16308374825966915,
    0.5443346114247029
  ],
  "iou_per_class": [
    0.9873605673872208,
    0.474097665857988,
    0.517012961296755,
    0.6394974058882252,
    0.5663250332503506,
    0.0,
    0.24313279801837986,
    0.505849865591838,
    0.4622651739000786,
    0.4267704295214567,
    0.6986526513374003,
    0.1574313791640184,
    0.8265092562368331,
    0.22481393275877154,
    0.08878126485361561,
    0.37394212687674
  ],
  "hd95_per_class": [
    1.4902829307627807,
    157.92184990136664,
    104.61564433086596,
    177.58804399483216,
    378.2805843753426,
    552.9353690766274,
    308.445065284639,
    400.03512680515064,
    428.4307242629565,
    238.6640091510936,
    271.82222787633077,
    270.14314020693143,
    65.0530455773979,
    252.102217306152,
    599.3919462543097,
    145.05489060977388
  ],
  "assd_per_class": [
    0.42458912021213857,
    111.76623737891966,
    27.98694615733526,
    110.21491423609194,
    339.83485908419794,
    531.007614445808,
    273.29697981313916,
    354.26427816836946,
    415.67954788884526,
    220.06748972789984,
    222.00898947760987,
    220.1294485959596,
    33.64772338816532,
    176.59434090753686,
    597.535654040131,
    64.17445420939318
  ],
  "surface_valid_pairs_per_class": [
    28,
    25,
    28,
    27,
    25,
    3,
    21,
    22,
    22,
    7,
    28,
    26,
    28,
    26,
    5,
    28
  ],
  "surface_one_empty_pairs_per_class": [
    0,
    3,
    0,
    3,
    11,
    2,
    7,
    10,
    12,
    2,
    7,
    6,
    1,
    5,
    4,
    1
  ],
  "confusion": [
    [
      23971441,
      7578,
      31439,
      35654,
      1711,
      0,
      829,
      6573,
      985,
      0,
      39422,
      587,
      39039,
      2032,
      0,
      11779
    ],
    [
      9587,
      2144156,
      707235,
      7369,
      258898,
      0,
      119914,
      120399,
      170,
      271,
      26444,
      12848,
      25471,
      13826,
      343,
      188359
    ],
    [
      22484,
      213763,
      5208903,
      246220,
      334006,
      2829,
      58412,
      257022,
      3635,
      146,
      249546,
      176235,
      85340,
      47095,
      0,
      254610
    ],
    [
      15299,
      18534,
      141121,
      3373980,
      259408,
      15,
      20967,
      119266,
      34600,
      25184,
      351353,
      55,
      62126,
      11773,
      0,
      99425
    ],
    [
      2967,
      25204,
      75557,
      53185,
      1879498,
      0,
      2448,
      2183,
      0,
      36,
      31867,
      9570,
      15984,
      1782,
      0,
      25100
    ],
    [
      0,
      49155,
      1787,
      5889,
      0,
      0,
      24480,
      0,
      0,
      34,
      0,
      0,
      148,
      1112,
      0,
      14
    ],
    [
      3281,
      182661,
      116478,
      0,
      2777,
      0,
      235965,
      14832,
      0,
      76,
      79,
      0,
      1924,
      6221,
      0,
      67882
    ],
    [
      3501,
      19121,
      24764,
      10661,
      1206,
      0,
      4139,
      1235945,
      21043,
      0,
      9,
      338,
      5175,
      47255,
      0,
      201910
    ],
    [
      1806,
      13539,
      14471,
      24884,
      0,
      0,
      333,
      11077,
      170525,
      987,
      10893,
      6735,
      11583,
      2697,
      0,
      6482
    ],
    [
      1203,
      4086,
      50729,
      43936,
      0,
      0,
      7934,
      0,
      394,
      132327,
      8461,
      0,
      2164,
      0,
      0,
      728
    ],
    [
      24607,
      16054,
      317850,
      140271,
      98885,
      0,
      537,
      29630,
      0,
      10288,
      3722072,
      0,
      89351,
      2945,
      0,
      13535
    ],
    [
      6569,
      35276,
      924982,
      3340,
      29913,
      0,
      0,
      213,
      0,
      0,
      35215,
      253391,
      17903,
      15212,
      0,
      40870
    ],
    [
      26900,
      11008,
      91830,
      45945,
      18656,
      0,
      7145,
      12723,
      14134,
      2260,
      65839,
      8375,
      3709419,
      7804,
      0,
      29352
    ],
    [
      4142,
      100175,
      121331,
      40862,
      97040,
      0,
      46035,
      95009,
      8731,
      17213,
      1805,
      27270,
      17491,
      328883,
      0,
      314020
    ],
    [
      346,
      6029,
      5686,
      0,
      3239,
      0,
      0,
      74974,
      0,
      0,
      0,
      0,
      4107,
      10839,
      13822,
      24357
    ],
    [
      6544,
      185131,
      289489,
      84665,
      87642,
      18,
      45170,
      124336,
      9186,
      1609,
      40542,
      4636,
      58859,
      72312,
      11944,
      1374084
    ]
  ],
  "per_class": [
    {
      "class_id": 0,
      "class_name": "Background",
      "dice": 0.9936400908721882,
      "iou": 0.9873605673872208,
      "jaccard": 0.9873605673872208,
      "hd95": 1.4902829307627807,
      "assd": 0.42458912021213857,
      "surface_valid_pairs": 28,
      "surface_one_empty_pairs": 0
    },
    {
      "class_id": 1,
      "class_name": "Respiratory Tract",
      "dice": 0.6432377946708746,
      "iou": 0.474097665857988,
      "jaccard": 0.474097665857988,
      "hd95": 157.92184990136664,
      "assd": 111.76623737891966,
      "surface_valid_pairs": 25,
      "surface_one_empty_pairs": 3
    },
    {
      "class_id": 2,
      "class_name": "Gastroesophageal",
      "dice": 0.6816197019896364,
      "iou": 0.517012961296755,
      "jaccard": 0.517012961296755,
      "hd95": 104.61564433086596,
      "assd": 27.98694615733526,
      "surface_valid_pairs": 28,
      "surface_one_empty_pairs": 0
    },
    {
      "class_id": 3,
      "class_name": "Pleura",
      "dice": 0.7801139588162591,
      "iou": 0.6394974058882252,
      "jaccard": 0.6394974058882252,
      "hd95": 177.58804399483216,
      "assd": 110.21491423609194,
      "surface_valid_pairs": 27,
      "surface_one_empty_pairs": 3
    },
    {
      "class_id": 4,
      "class_name": "Heart",
      "dice": 0.7231258151766168,
      "iou": 0.5663250332503506,
      "jaccard": 0.5663250332503506,
      "hd95": 378.2805843753426,
      "assd": 339.83485908419794,
      "surface_valid_pairs": 25,
      "surface_one_empty_pairs": 11
    },
    {
      "class_id": 5,
      "class_name": "Vessels",
      "dice": 0.0,
      "iou": 0.0,
      "jaccard": 0.0,
      "hd95": 552.9353690766274,
      "assd": 531.007614445808,
      "surface_valid_pairs": 3,
      "surface_one_empty_pairs": 2
    },
    {
      "class_id": 6,
      "class_name": "Nerves",
      "dice": 0.39116142443662744,
      "iou": 0.24313279801837986,
      "jaccard": 0.24313279801837986,
      "hd95": 308.445065284639,
      "assd": 273.29697981313916,