{
  "dice": 0.4681338277947623,
  "iou": 0.3437425033420265,
  "jaccard": 0.3437425033420265,
  "hd95": 288.80632308742963,
  "assd": 237.5992941264374,
  "pixel_accuracy": 0.7891810136959877,
  "surface_unit": "pixel",
  "surface_evaluation_size": {
    "width": 640,
    "height": 384
  },
  "surface_empty_policy": {
    "both_empty": "undefined and excluded",
    "exactly_one_empty": "penalized by evaluation-image diagonal"
  },
  "class_names": [
    "Background",
    "Respiratory Tract",
    "Gastroesophageal",
    "Pleura",
    "Heart",
    "Vessels",
    "Nerves",
    "Aorta",
    "Azygos Vein",
    "Superior Caval Vein",
    "Lung",
    "Lymphatic Tissue",
    "Non-anatomical Other",
    "Fatty Tissue",
    "Pulmonary artery",
    "Anatomical Other"
  ],
  "dice_per_class": [
    0.996176582610389,
    0.5220387498583627,
    0.6356068642859554,
    0.7911695886327463,
    0.6345271198532715,
    0.011118598382749326,
    0.22953525341312886,
    0.7251682171135401,
    0.37616501362224225,
    0.5321026922640009,
    0.7149812992846603,
    0.2304345724808757,
    0.8753983013668843,
    0.3487301090234574,
    0.009954356210268083,
    0.3850766811292921
  ],
  "iou_per_class": [
    0.9923822909022114,
    0.3532154512226449,
    0.46585316771863955,
    0.6544917973546761,
    0.4646940478122771,
    0.0055903777740132134,
    0.1296468929164675,
    0.568834435137491,
    0.23165224100839385,
    0.3624931318149808,
    0.5563975830753646,
    0.13022099601252823,
    0.7784074152038694,
    0.21118904361371377,
    0.005002074319919398,
    0.23844889514541814
  ],
  "hd95_per_class": [
    1.0,
    214.66913872662886,
    139.3530690351542,
    94.07853481349387,
    176.5306597111148,
    577.9564945954329,
    395.2967626684626,
    134.8669815655295,
    316.79659365195334,
    531.6189003912202,
    352.98398813323064,
    349.25537869321795,
    84.12465870330615,
    201.01918856496428,
    607.9972456034512,
    155.54725145428424
  ],
  "assd_per_class": [
    0.4511820015133384,
    159.56468330144386,
    42.15636606074712,
    20.899350906391522,
    137.08682395541683,
    569.2325137422308,
    371.72082441696483,
    76.8225026586271,
    277.6233630564494,
    516.298789916415,
    281.84780245414066,
    294.65378750011996,
    13.898065589045197,
    114.8156639177423,
    598.9097133034835,
    88.45916111734338
  ],
  "surface_valid_pairs_per_class": [
    28,
    28,
    28,
    28,
    20,
    12,
    19,
    27,
    26,
    19,
    26,
    28,
    28,
    28,
    14,
    28
  ],
  "surface_one_empty_pairs_per_class": [
    0,
    5,
    0,
    0,
    3,
    9,
    9,
    2,
    8,
    13,
    9,
    9,
    0,
    3,
    11,
    2
  ],
  "confusion": [
    [
      24082148,
      4511,
      8715,
      9095,
      147,
      8,
      10,
      1784,
      3467,
      67,
      7960,
      1187,
      56029,
      339,
      0,
      1059
    ],
    [
      5244,
      1504245,
      549105,
      32359,
      61254,
      37250,
      225537,
      9975,
      1501,
      151939,
      26997,
      18089,
      23681,
      73003,
      365,
      70862
    ],
    [
      13844,
      359989,
      4180830,
      264821,
      70820,
      12452,
      25933,
      35197,
      0,
      49438,
      74271,
      197174,
      88019,
      113383,
      6132,
      235998
    ],
    [
      20272,
      28340,
      444023,
      5868180,
      216349,
      921,
      57,
      30524,
      113830,
      117242,
      229409,
      172,
      152841,
      73936,
      980,
      276398
    ],
    [
      2508,
      352449,
      330610,
      125830,
      1268289,
      0,
      172,
      2070,
      5828,
      8524,
      17470,
      23162,
      21917,
      789,
      0,
      81189
    ],
    [
      0,
      0,
      0,
      20723,
      0,
      891,
      4998,
      0,
      0,
      4717,
      0,
      0,
      101,
      53397,
      0,
      5574
    ],
    [
      0,
      86210,
      30099,
      7043,
      0,
      1753,
      98186,
      1492,
      0,
      6505,
      316,
      446,
      4075,
      79734,
      0,
      14310
    ],
    [
      4027,
      250402,
      161322,
      41072,
      5182,
      378,
      45235,
      1906175,
      10737,
      113,
      713,
      62582,
      24157,
      167990,
      2819,
      254773
    ],
    [
      2803,
      15282,
      95356,
      57223,
      0,
      1225,
      85581,
      8977,
      212559,
      38533,
      34024,
      14209,
      23064,
      137573,
      0,
      6412
    ],
    [
      2071,
      1901,
      10561,
      133323,
      0,
      4758,
      1318,
      0,
      131,
      421569,
      20336,
      0,
      8158,
      3824,
      0,
      36717
    ],
    [
      11578,
      23440,
      472526,
      148569,
      30158,
      0,
      0,
      13219,
      227,
      32452,
      1733381,
      192,
      85757,
      214,
      0,
      22145
    ],
    [
      97,
      20356,
      240025,
      2071,
      2293,
      687,
      1850,
      823,
      0,
      14,
      14700,
      126352,
      12501,
      10048,
      0,
      28490
    ],
    [
      9706,
      5029,
      48838,
      59452,
      6223,
      0,
      12346,
      2111,
      17270,
      2417,
      36798,
      6900,
      2858414,
      14696,
      0,
      18346
    ],
    [
      9740,
      78316,
      466609,
      421700,
      29181,
      2239,
      3989,
      207951,
      26428,
      24436,
      7964,
      55867,
      27782,
      697678,
      1478,
      168945
    ],
    [
      0,
      21413,
      11800,
      0,
      2315,
      0,
      0,
      0,
      0,
      0,
      0,
      0,
      1215,
      24074,
      422,
      3771
    ],
    [
      8591,
      219674,
      376676,
      69255,
      64570,
      7309,
      20139,
      99219,
      5338,
      81907,
      70548,
      130002,
      44288,
      320268,
      7581,
      861162
    ]
  ],
  "per_class": [
    {
      "class_id": 0,
      "class_name": "Background",
      "dice": 0.996176582610389,
      "iou": 0.9923822909022114,
      "jaccard": 0.9923822909022114,
      "hd95": 1.0,
      "assd": 0.4511820015133384,
      "surface_valid_pairs": 28,
      "surface_one_empty_pairs": 0
    },
    {
      "class_id": 1,
      "class_name": "Respiratory Tract",
      "dice": 0.5220387498583627,
      "iou": 0.3532154512226449,
      "jaccard": 0.3532154512226449,
      "hd95": 214.66913872662886,
      "assd": 159.56468330144386,
      "surface_valid_pairs": 28,
      "surface_one_empty_pairs": 5
    },
    {
      "class_id": 2,
      "class_name": "Gastroesophageal",
      "dice": 0.6356068642859554,
      "iou": 0.46585316771863955,
      "jaccard": 0.46585316771863955,
      "hd95": 139.3530690351542,
      "assd": 42.15636606074712,
      "surface_valid_pairs": 28,
      "surface_one_empty_pairs": 0
    },
    {
      "class_id": 3,
      "class_name": "Pleura",
      "dice": 0.7911695886327463,
      "iou": 0.6544917973546761,
      "jaccard": 0.6544917973546761,
      "hd95": 94.07853481349387,
      "assd": 20.899350906391522,
      "surface_valid_pairs": 28,
      "surface_one_empty_pairs": 0
    },
    {
      "class_id": 4,
      "class_name": "Heart",
      "dice": 0.6345271198532715,
      "iou": 0.4646940478122771,
      "jaccard": 0.4646940478122771,
      "hd95": 176.5306597111148,
      "assd": 137.08682395541683,
      "surface_valid_pairs": 20,
      "surface_one_empty_pairs": 3
    },
    {
      "class_id": 5,
      "class_name": "Vessels",
      "dice": 0.011118598382749326,
      "iou": 0.0055903777740132134,
      "jaccard": 0.0055903777740132134,
      "hd95": 577.9564945954329,
      "assd": 569.2325137422308,
      "surface_valid_pairs": 12,
      "surface_one_empty_pairs": 9
    },
    {
      "class_id": 6,
      "class_name": "Nerves",
      "dice": 0.22953525341312886,