{
  "dice": 0.5304394495257302,
  "iou": 0.40443122991926256,
  "jaccard": 0.40443122991926256,
  "hd95": 295.7269988469091,
  "assd": 244.4995375134562,
  "pixel_accuracy": 0.8104591738315696,
  "surface_unit": "pixel",
  "surface_evaluation_size": {
    "width": 640,
    "height": 384
  },
  "surface_empty_policy": {
    "both_empty": "undefined and excluded",
    "exactly_one_empty": "penalized by evaluation-image diagonal"
  },
  "class_names": [
    "Background",
    "Respiratory Tract",
    "Gastroesophageal",
    "Pleura",
    "Heart",
    "Vessels",
    "Nerves",
    "Aorta",
    "Azygos Vein",
    "Superior Caval Vein",
    "Lung",
    "Lymphatic Tissue",
    "Non-anatomical Other",
    "Fatty Tissue",
    "Pulmonary artery",
    "Anatomical Other"
  ],
  "dice_per_class": [
    0.9930477142875743,
    0.6461831233589478,
    0.6626693795179525,
    0.785752985752735,
    0.7585566395836689,
    0.0,
    0.516441138367671,
    0.7473502988538985,
    0.5578493453555642,
    0.7315968499279033,
    0.740521421583108,
    0.19731608276218088,
    0.8711734780073856,
    0.3123963088898823,
    0.0,
    0.42878469092505445
  ],
  "iou_per_class": [
    0.9861914297011464,
    0.4773046742940517,
    0.4955164933553155,
    0.6471113179881595,
    0.6110279886867162,
    0.0,
    0.34810963806278744,
    0.5966155567435305,
    0.3868176626062016,
    0.5767857403116028,
    0.5879587269470753,
    0.10945683870332656,
    0.771751425958333,
    0.18511236407902484,
    0.0,
    0.2729000210528128
  ],
  "hd95_per_class": [
    1.709106496366149,
    170.20740031614227,
    113.54165879170203,
    96.86316780894842,
    266.3677262315438,
    744.9899328178872,
    403.11171696231946,
    192.2159840658515,
    151.46033053746152,
    442.4917146785113,
    357.8153379251656,
    309.5654260977933,
    83.65913646331924,
    215.71202173320285,
    744.9899328178872,
    142.9134954559017
  ],
  "assd_per_class": [
    0.5387646338468292,
    113.09368777132008,
    33.29088973439593,
    21.609328777707823,
    236.4051786510157,
    744.9899328178872,
    383.9191236241575,
    140.4875396692597,
    87.15274153499286,
    432.28278274549297,
    269.5334238267591,
    257.31856550101134,
    12.888942562041871,
    125.71183278076633,
    744.9899328178872,
    63.819159887147656
  ],
  "surface_valid_pairs_per_class": [
    28,
    26,
    28,
    28,
    24,
    6,
    15,
    27,
    25,
    14,
    25,
    25,
    28,
    28,
    9,
    28
  ],
  "surface_one_empty_pairs_per_class": [
    0,
    3,
    0,
    0,
    7,
    6,
    7,
    4,
    2,
    8,
    8,
    6,
    0,
    3,
    9,
    1
  ],
  "confusion": [
    [
      23948864,
      9822,
      37946,
      39740,
      3972,
      0,
      1433,
      6324,
      7727,
      3749,
      29458,
      862,
      73580,
      7516,
      0,
      5533
    ],
    [
      6129,
      1743625,
      531744,
      23985,
      74793,
      705,
      81123,
      51583,
      852,
      1488,
      22067,
      4607,
      16437,
      63957,
      0,
      168311
    ],
    [
      17929,
      245835,
      4347851,
      87842,
      93958,
      54,
      121,
      124965,
      22388,
      747,
      153296,
      151755,
      89024,
      228515,
      0,
      164021
    ],
    [
      21145,
      42566,
      675271,
      5641521,
      285976,
      4012,
      0,
      46094,
      99513,
      56857,
      174242,
      37704,
      165156,
      78227,
      1,
      245189
    ],
    [
      2020,
      126149,
      150277,
      74080,
      1761367,
      0,
      657,
      10214,
      0,
      8763,
      33091,
      18009,
      22133,
      3585,
      0,
      30462
    ],
    [
      0,
      9056,
      10809,
      8775,
      0,
      0,
      0,
      0,
      72,
      3448,
      0,
      0,
      10,
      57946,
      0,
      285
    ],
    [
      6,
      61039,
      25875,
      3151,
      0,
      0,
      154474,
      10600,
      0,
      15,
      237,
      10127,
      4942,
      27314,
      0,
      32389
    ],
    [
      4724,
      22776,
      77581,
      100705,
      65,
      0,
      1521,
      2258839,
      20881,
      0,
      0,
      4596,
      25798,
      94198,
      21223,
      304770
    ],
    [
      5975,
      19611,
      92596,
      20570,
      0,
      0,
      14286,
      10106,
      371150,
      23286,
      15596,
      2731,
      38379,
      56792,
      450,
      61293
    ],
    [
      2744,
      11917,
      2158,
      67684,
      24059,
      32584,
      1314,
      144,
      184,
      474900,
      2420,
      0,
      4548,
      5014,
      0,
      14997
    ],
    [
      15922,
      96543,
      377470,
      119879,
      3203,
      0,
      2212,
      17935,
      275,
      29600,
      1799901,
      20914,
      42847,
      2631,
      0,
      44526
    ],
    [
      441,
      4053,
      261817,
      9675,
      6950,
      0,
      0,
      749,
      5876,
      3104,
      287,
      85619,
      15720,
      52666,
      0,
      13350
    ],
    [
      12979,
      6358,
      45618,
      93235,
      8888,
      0,
      0,
      11580,
      18820,
      1653,
      8580,
      6951,
      2836107,
      6876,
      5210,
      35691
    ],
    [
      7804,
      7023,
      503265,
      363439,
      52475,
      0,
      0,
      329624,
      38492,
      7062,
      2153,
      30550,
      32969,
      585605,
      936,
      268906
    ],
    [
      0,
      4019,
      1884,
      0,
      751,
      0,
      0,
      36,
      0,
      0,
      0,
      0,
      1353,
      0,
      0,
      56967
    ],
    [
      9850,
      194892,
      251770,
      131773,
      86732,
      4819,
      10915,
      228457,
      11595,
      38917,
      45986,
      33104,
      43455,
      247971,
      206,
      1046085
    ]
  ],
  "per_class": [
    {
      "class_id": 0,
      "class_name": "Background",
      "dice": 0.9930477142875743,
      "iou": 0.9861914297011464,
      "jaccard": 0.9861914297011464,
      "hd95": 1.709106496366149,
      "assd": 0.5387646338468292,
      "surface_valid_pairs": 28,
      "surface_one_empty_pairs": 0
    },
    {
      "class_id": 1,
      "class_name": "Respiratory Tract",
      "dice": 0.6461831233589478,
      "iou": 0.4773046742940517,
      "jaccard": 0.4773046742940517,
      "hd95": 170.20740031614227,
      "assd": 113.09368777132008,
      "surface_valid_pairs": 26,
      "surface_one_empty_pairs": 3
    },
    {
      "class_id": 2,
      "class_name": "Gastroesophageal",
      "dice": 0.6626693795179525,
      "iou": 0.4955164933553155,
      "jaccard": 0.4955164933553155,
      "hd95": 113.54165879170203,
      "assd": 33.29088973439593,
      "surface_valid_pairs": 28,
      "surface_one_empty_pairs": 0
    },
    {
      "class_id": 3,
      "class_name": "Pleura",
      "dice": 0.785752985752735,
      "iou": 0.6471113179881595,
      "jaccard": 0.6471113179881595,
      "hd95": 96.86316780894842,
      "assd": 21.609328777707823,
      "surface_valid_pairs": 28,
      "surface_one_empty_pairs": 0
    },
    {
      "class_id": 4,
      "class_name": "Heart",
      "dice": 0.7585566395836689,
      "iou": 0.6110279886867162,
      "jaccard": 0.6110279886867162,
      "hd95": 266.3677262315438,
      "assd": 236.4051786510157,
      "surface_valid_pairs": 24,
      "surface_one_empty_pairs": 7
    },
    {
      "class_id": 5,
      "class_name": "Vessels",
      "dice": 0.0,
      "iou": 0.0,
      "jaccard": 0.0,
      "hd95": 744.9899328178872,
      "assd": 744.9899328178872,
      "surface_valid_pairs": 6,
      "surface_one_empty_pairs": 6
    },
    {
      "class_id": 6,
      "class_name": "Nerves",
      "dice": 0.516441138367671,
      "iou": 0.34810963806278744,
      "jaccard": 0.34810963806278744,
      "hd95": 403.11171696231946,
      "assd": 383.9191236241575,