{
  "dice": 0.1831243440273141,
  "iou": 0.11816249660795654,
  "jaccard": 0.11816249660795654,
  "hd95": 400.0804921612018,
  "assd": 341.52809124263433,
  "pixel_accuracy": 0.5068958574459876,
  "surface_unit": "pixel",
  "surface_evaluation_size": {
    "width": 640,
    "height": 384
  },
  "surface_empty_policy": {
    "both_empty": "undefined and excluded",
    "exactly_one_empty": "penalized by evaluation-image diagonal"
  },
  "class_names": [
    "Background",
    "Respiratory Tract",
    "Gastroesophageal",
    "Pleura",
    "Heart",
    "Vessels",
    "Nerves",
    "Aorta",
    "Azygos Vein",
    "Superior Caval Vein",
    "Lung",
    "Lymphatic Tissue",
    "Non-anatomical Other",
    "Fatty Tissue",
    "Pulmonary artery",
    "Anatomical Other"
  ],
  "dice_per_class": [
    0.9628500041587228,
    0.1509278782670663,
    0.13074959152738763,
    0.5467180131548404,
    0.43786003960968345,
    0.0,
    0.08206598454122747,
    0.3535397798219604,
    0.002540565289736116,
    0.0021192208058307843,
    0.40341680970584753,
    0.018892190076985824,
    0.608942287586255,
    0.001265901832390672,
    0.007553616920240803,
    0.00027328127025921827
  ],
  "iou_per_class": [
    0.9283613826539271,
    0.08162357568055163,
    0.06994760623549882,
    0.3761954101844177,
    0.2802950124265944,
    0.0,
    0.04278874240707242,
    0.21472719200208215,
    0.001271898315223924,
    0.0010607343680865465,
    0.25267509526485904,
    0.009536174650545633,
    0.4377548696593086,
    0.0006333517967953917,
    0.0037911268199674435,
    0.00013665930834429765
  ],
  "hd95_per_class": [
    14.131522044240123,
    298.4398677443068,
    200.83903609313893,
    274.7662366008262,
    348.9490205168455,
    708.5287179786164,
    477.2842807544631,
    386.3782298012275,
    418.79195629259414,
    631.8338509633303,
    429.5007954011986,
    457.09213156647894,
    138.86889440530493,
    291.20757754198746,
    646.1423194070036,
    292.58446735070413
  ],
  "assd_per_class": [
    2.2768702224873607,
    224.55939480848556,
    121.1509423150237,
    166.3670637709407,
    296.92709315326084,
    702.2551011346256,
    432.51625540750086,
    301.0132062349542,
    379.544518004361,
    618.285620282706,
    350.1213568896898,
    369.15203911868105,
    61.78031851799931,
    236.32574507390663,
    631.7933183885162,
    231.12939553886332
  ],
  "surface_valid_pairs_per_class": [
    28,
    28,
    28,
    28,
    28,
    28,
    28,
    28,
    27,
    27,
    28,
    28,
    28,
    28,
    28,
    28
  ],
  "surface_one_empty_pairs_per_class": [
    0,
    7,
    2,
    4,
    10,
    26,
    15,
    9,
    12,
    22,
    11,
    12,
    1,
    6,
    23,
    6
  ],
  "confusion": [
    [
      14250389,
      2103,
      2893,
      39476,
      770,
      4434,
      3715,
      33839,
      1255,
      78,
      621377,
      3866,
      45239,
      351,
      5663,
      99
    ],
    [
      14838,
      360046,
      574024,
      376138,
      177931,
      2712,
      82678,
      288888,
      35,
      11279,
      1260262,
      12138,
      24183,
      221,
      410981,
      282
    ],
    [
      74236,
      177015,
      692003,
      922376,
      501119,
      15927,
      61823,
      1132318,
      771,
      4467,
      3582728,
      40021,
      136219,
      1505,
      385336,
      1187
    ],
    [
      20932,
      89016,
      174173,
      4814003,
      367795,
      2127,
      171580,
      582626,
      216,
      734,
      1156706,
      18622,
      57280,
      929,
      229328,
      734
    ],
    [
      11147,
      42571,
      431023,
      419844,
      1772568,
      1671,
      15059,
      313060,
      17,
      108,
      1657924,
      23193,
      17272,
      116,
      93294,
      74
    ],
    [
      261,
      53253,
      3495,
      19045,
      169,
      0,
      10725,
      25474,
      72,
      178,
      22339,
      108,
      225,
      521,
      74378,
      63
    ],
    [
      2228,
      88694,
      37422,
      172601,
      6997,
      217,
      48633,
      95226,
      54,
      949,
      95382,
      752,
      4970,
      28,
      87500,
      18
    ],
    [
      14849,
      67588,
      226884,
      1057424,
      52480,
      682,
      10898,
      1753167,
      141,
      99,
      280221,
      4421,
      164000,
      874,
      185097,
      171
    ],
    [
      7653,
      10027,
      38540,
      53916,
      18297,
      633,
      13970,
      194466,
      910,
      69,
      153565,
      1522,
      197119,
      217,
      19736,
      57
    ],
    [
      0,
      45267,
      26474,
      50031,
      21274,
      0,
      32,
      11849,
      11,
      362,
      97441,
      187,
      160,
      193,
      68122,
      0
    ],
    [
      22058,
      14600,
      175489,
      722990,
      98346,
      8155,
      6047,
      144891,
      79,
      237,
      3971486,
      13069,
      69424,
      108,
      54703,
      306
    ],
    [
      20677,
      6245,
      57345,
      77027,
      45636,
      1063,
      1275,
      251189,
      70,
      315,
      315176,
      9519,
      20427,
      380,
      19143,
      143
    ],
    [
      93909,
      28041,
      23743,
      190022,
      32051,
      60514,
      59386,
      262597,
      930,
      184,
      351180,
      21782,
      1747299,
      117,
      83278,
      967
    ],
    [
      8875,
      96576,
      69264,
      570105,
      94909,
      122,
      38324,
      663241,
      907,
      345,
      220335,
      9107,
      277439,
      1419,
      181490,
      179
    ],
    [
      46,
      1681,
      68230,
      2833,
      22531,
      171,
      9,
      18253,
      0,
      0,
      87590,
      630,
      3115,
      0,
      8701,
      9
    ],
    [
      42789,
      91741,
      255112,
      435920,
      84691,
      1391,
      19392,
      327712,
      211,
      828,
      513544,
      23151,
      18429,
      2264,
      183248,
      274
    ]
  ],
  "per_class": [
    {
      "class_id": 0,
      "class_name": "Background",
      "dice": 0.9628500041587228,
      "iou": 0.9283613826539271,
      "jaccard": 0.9283613826539271,
      "hd95": 14.131522044240123,
      "assd": 2.2768702224873607,
      "surface_valid_pairs": 28,
      "surface_one_empty_pairs": 0
    },
    {
      "class_id": 1,
      "class_name": "Respiratory Tract",
      "dice": 0.1509278782670663,
      "iou": 0.08162357568055163,
      "jaccard": 0.08162357568055163,
      "hd95": 298.4398677443068,
      "assd": 224.55939480848556,
      "surface_valid_pairs": 28,
      "surface_one_empty_pairs": 7
    },
    {
      "class_id": 2,
      "class_name": "Gastroesophageal",
      "dice": 0.13074959152738763,
      "iou": 0.06994760623549882,
      "jaccard": 0.06994760623549882,
      "hd95": 200.83903609313893,
      "assd": 121.1509423150237,
      "surface_valid_pairs": 28,
      "surface_one_empty_pairs": 2
    },
    {
      "class_id": 3,
      "class_name": "Pleura",
      "dice": 0.5467180131548404,
      "iou": 0.3761954101844177,
      "jaccard": 0.3761954101844177,
      "hd95": 274.7662366008262,
      "assd": 166.3670637709407,
      "surface_valid_pairs": 28,
      "surface_one_empty_pairs": 4
    },
    {
      "class_id": 4,
      "class_name": "Heart",
      "dice": 0.43786003960968345,
      "iou": 0.2802950124265944,
      "jaccard": 0.2802950124265944,
      "hd95": 348.9490205168455,
      "assd": 296.92709315326084,
      "surface_valid_pairs": 28,
      "surface_one_empty_pairs": 10
    },
    {
      "class_id": 5,
      "class_name": "Vessels",
      "dice": 0.0,
      "iou": 0.0,
      "jaccard": 0.0,
      "hd95": 708.5287179786164,
      "assd": 702.2551011346256,
      "surface_valid_pairs": 28,
      "surface_one_empty_pairs": 26
    },
    {
      "class_id": 6,