{
  "dice": 0.5119856545168268,
  "iou": 0.37514454133590797,
  "jaccard": 0.37514454133590797,
  "hd95": 315.5093952358167,
  "assd": 259.3840804787569,
  "pixel_accuracy": 0.7733532938415751,
  "surface_unit": "pixel",
  "surface_evaluation_size": {
    "width": 640,
    "height": 384
  },
  "surface_empty_policy": {
    "both_empty": "undefined and excluded",
    "exactly_one_empty": "penalized by evaluation-image diagonal"
  },
  "class_names": [
    "Background",
    "Respiratory Tract",
    "Gastroesophageal",
    "Pleura",
    "Heart",
    "Vessels",
    "Nerves",
    "Aorta",
    "Azygos Vein",
    "Superior Caval Vein",
    "Lung",
    "Lymphatic Tissue",
    "Non-anatomical Other",
    "Fatty Tissue",
    "Pulmonary artery",
    "Anatomical Other"
  ],
  "dice_per_class": [
    0.9926402615868795,
    0.6340721582763382,
    0.7110587613886418,
    0.5953139677370075,
    0.6398225927723686,
    0.0,
    0.36409434700724896,
    0.7827837037851815,
    0.5940100181609668,
    0.4082602621798143,
    0.7425597031341157,
    0.2904467874039782,
    0.8686846612067135,
    0.2981853383738171,
    0.28837342204896366,
    0.4621190942772459
  ],
  "iou_per_class": [
    0.9853880632062698,
    0.46420618930807045,
    0.5516611154087221,
    0.4238057146321434,
    0.47039642723994435,
    0.0,
    0.22256439198750194,
    0.643093348502979,
    0.4224852423087698,
    0.25648681909450094,
    0.5905327712058487,
    0.16989631282838147,
    0.7678536933241733,
    0.17521610613513205,
    0.16847916815721065,
    0.30049081990524157
  ],
  "hd95_per_class": [
    2.042870666458236,
    306.8473485508896,
    138.9952965920227,
    249.34463777336404,
    387.4447493874775,
    744.9899328178872,
    414.4650676776861,
    265.3137665966995,
    275.03010470518444,
    348.3324266595201,
    390.710612516014,
    306.0668115814328,
    51.85108422731114,
    289.67943336118,
    357.2128292330478,
    206.3568268575337
  ],
  "assd_per_class": [
    0.493476314666,
    263.19083754742087,
    75.27222997049849,
    130.37967735908398,
    339.7607403018301,
    744.9899328178872,
    388.0640848197755,
    222.15172333742942,
    211.60587411294944,
    313.849277920552,
    329.3242933220931,
    237.09140650853112,
    10.719913860259057,
    181.12036105616258,
    342.9696838084584,
    100.27117043842236
  ],
  "surface_valid_pairs_per_class": [
    28,
    27,
    28,
    27,
    26,
    4,
    20,
    25,
    19,
    10,
    25,
    27,
    28,
    28,
    7,
    28
  ],
  "surface_one_empty_pairs_per_class": [
    0,
    9,
    2,
    3,
    11,
    4,
    10,
    7,
    5,
    4,
    10,
    7,
    0,
    5,
    3,
    2
  ],
  "confusion": [
    [
      16369975,
      4919,
      14276,
      25837,
      2314,
      0,
      1,
      7879,
      2739,
      66,
      12806,
      1041,
      14578,
      4821,
      0,
      9108
    ],
    [
      19052,
      2067216,
      313501,
      29768,
      89474,
      0,
      28970,
      8215,
      7907,
      660,
      33515,
      24388,
      21801,
      84765,
      2825,
      99038
    ],
    [
      27702,
      591033,
      4472080,
      182282,
      47847,
      0,
      5150,
      129898,
      5137,
      0,
      71941,
      150224,
      127181,
      456244,
      0,
      229193
    ],
    [
      19513,
      27431,
      59289,
      1831537,
      68258,
      0,
      7365,
      49400,
      26785,
      3657,
      58644,
      736,
      22017,
      91440,
      0,
      149576
    ],
    [
      2710,
      133549,
      68408,
      322154,
      840319,
      0,
      72,
      4185,
      0,
      564,
      28810,
      9211,
      15229,
      8921,
      0,
      69539
    ],
    [
      1029,
      35423,
      60775,
      0,
      0,
      0,
      12234,
      0,
      0,
      0,
      0,
      0,
      149,
      249,
      0,
      11446
    ],
    [
      756,
      237162,
      45678,
      7112,
      201,
      0,
      163263,
      401,
      77,
      845,
      0,
      2127,
      423,
      23216,
      127,
      73889
    ],
    [
      5388,
      69211,
      21161,
      76295,
      1033,
      0,
      39014,
      1736435,
      8411,
      0,
      0,
      95,
      2299,
      84493,
      1749,
      96879
    ],
    [
      5420,
      10277,
      15890,
      14279,
      0,
      0,
      0,
      33608,
      170409,
      11736,
      1641,
      9495,
      3539,
      23682,
      0,
      23830
    ],
    [
      4045,
      5643,
      31973,
      295571,
      21106,
      0,
      289,
      0,
      4998,
      158396,
      29288,
      0,
      5694,
      19690,
      0,
      5149
    ],
    [
      13678,
      27094,
      152350,
      60696,
      1263,
      0,
      0,
      429,
      1512,
      930,
      776413,
      19829,
      5168,
      1708,
      0,
      3348
    ],
    [
      2242,
      39707,
      445645,
      2689,
      4994,
      0,
      18,
      508,
      0,
      0,
      1743,
      182698,
      8566,
      99099,
      0,
      48232
    ],
    [
      15566,
      32946,
      89912,
      42567,
      5149,
      0,
      1091,
      21692,
      9095,
      1990,
      1605,
      14529,
      2114666,
      24179,
      1114,
      80777
    ],
    [
      9326,
      43525,
      156411,
      673380,
      328,
      0,
      4684,
      107825,
      11110,
      7241,
      1597,
      3225,
      16394,
      511323,
      2313,
      185378
    ],
    [
      2106,
      95597,
      3467,
      0,
      0,
      0,
      1379,
      783,
      0,
      0,
      0,
      0,
      4955,
      1301,
      28258,
      12491
    ],
    [
      13826,
      268616,
      131923,
      173365,
      40768,
      2728,
      78010,
      192843,
      1772,
      8029,
      8759,
      4309,
      49125,
      260374,
      9259,
      1005881
    ]
  ],
  "per_class": [
    {
      "class_id": 0,
      "class_name": "Background",
      "dice": 0.9926402615868795,
      "iou": 0.9853880632062698,
      "jaccard": 0.9853880632062698,
      "hd95": 2.042870666458236,
      "assd": 0.493476314666,
      "surface_valid_pairs": 28,
      "surface_one_empty_pairs": 0
    },
    {
      "class_id": 1,
      "class_name": "Respiratory Tract",
      "dice": 0.6340721582763382,
      "iou": 0.46420618930807045,
      "jaccard": 0.46420618930807045,
      "hd95": 306.8473485508896,
      "assd": 263.19083754742087,
      "surface_valid_pairs": 27,
      "surface_one_empty_pairs": 9
    },
    {
      "class_id": 2,
      "class_name": "Gastroesophageal",
      "dice": 0.7110587613886418,
      "iou": 0.5516611154087221,
      "jaccard": 0.5516611154087221,
      "hd95": 138.9952965920227,
      "assd": 75.27222997049849,
      "surface_valid_pairs": 28,
      "surface_one_empty_pairs": 2
    },
    {
      "class_id": 3,
      "class_name": "Pleura",
      "dice": 0.5953139677370075,
      "iou": 0.4238057146321434,
      "jaccard": 0.4238057146321434,
      "hd95": 249.34463777336404,
      "assd": 130.37967735908398,
      "surface_valid_pairs": 27,
      "surface_one_empty_pairs": 3
    },
    {
      "class_id": 4,
      "class_name": "Heart",
      "dice": 0.6398225927723686,
      "iou": 0.47039642723994435,
      "jaccard": 0.47039642723994435,
      "hd95": 387.4447493874775,
      "assd": 339.7607403018301,
      "surface_valid_pairs": 26,
      "surface_one_empty_pairs": 11
    },
    {
      "class_id": 5,
      "class_name": "Vessels",
      "dice": 0.0,
      "iou": 0.0,
      "jaccard": 0.0,
      "hd95": 744.9899328178872,
      "assd": 744.9899328178872,
      "surface_valid_pairs": 4,
      "surface_one_empty_pairs": 4
    },
    {
      "class_id": 6,
      "class_name": "Nerves",
      "dice": 0.36409434700724896,
      "iou": 0.22256439198750194,
      "jaccard": 0.22256439198750194,
      "hd95": 414.4650676776861,